Табельный номер,Фамилия И. О.,Пол,Год рождения,Начало работы (год),Подразделение,Должность,Оклад,Кол-во проектов
1,К. В. Алдухова,Ж,1984,2016,Служба управления персоналом,Старший специалист,45895,9
2,А. Д. Клитин,М,1983,2015,Бухгалтерия,Инженер,45078,8
3,А. А. Стреченков,М,2004,2019,Служба безопасности,Инженер,45099,5
4,Н. А. Паршуков,М,1975,2007,Режимно-секретный отдел,Менеджер по продажам,45308,6
5,А. Б. Прибытов,М,1999,2014,Финансово-экономический отдел,Инженер,45162,4
6,С. П. Головяшкин,М,1990,2005,Департамент управления закупками,Специалист,45493,7
7,А. Ю. Хуслинов,М,1992,2007,Служба безопасности,Начальник отдела,45291,5
8,А. В. Бальшикина,Ж,2004,2019,Производственно-технический комплекс,Специалист,45745,3
9,Ю. А. Гольманова,Ж,1995,2010,Департамент международного сотрудничества,Инженер,45736,2
10,С. Г. Шашурин,М,1991,2006,Финансово-экономический отдел,Специалист,45290,4
11,В. А. Пядеркин,М,1989,2021,Департамент международного сотрудничества,Экономист,45016,2
12,А. В. Новиньков,М,1973,2005,Режимно-секретный отдел,Менеджер по продажам,45476,6
13,К. Ф. Кабеева,Ж,1981,2013,Бухгалтерия,Специалист,45654,8
14,М. М. Ракаева,Ж,1993,2008,Финансово-экономический отдел,Бугалтер,45530,4
15,А. В. Мукосеев,М,1999,2014,Департамент международного сотрудничества,Бугалтер,45264,2
16,В. В. Аукина,Ж,1985,2017,Департамент международного сотрудничества,Инженер,45624,2
17,С. Е. Ольский,М,1982,2014,Служба безопасности,Специалист,45451,5
18,Т. А. Левшуков,М,1986,2018,Служба безопасности,Экономист,45387,5
19,А. М. Боронцова,Ж,1993,2008,Бухгалтерия,Специалист,45598,8
20,С. П. Саюнкина,Ж,1991,2006,Департамент международного сотрудничества,Экономист,45800,2
21,И. В. Маросанов,М,1986,2018,Департамент управления закупками,Инженер,45421,7
22,А. Ф. Митрюкова,Ж,1973,2005,Бухгалтерия,Старший специалист,45510,8
23,А. А. Ляпшин,М,1975,2007,Финансово-экономический отдел,Начальник отдела,45410,4
24,В. Л. Седеньков,М,1997,2012,Бухгалтерия,Специалист,45262,8
25,Г. Б. Маклашин,М,1979,2011,Департамент международного сотрудничества,Бугалтер,45040,2
26,В. О. Ромазанов,М,1975,2007,Департамент международного сотрудничества,Экономист,45240,2
27,Л. Я. Мацерякова,Ж,1981,2013,Финансово-экономический отдел,Менеджер по продажам,45994,4
28,О. Э. Карабузова,Ж,1999,2014,Бухгалтерия,Начальник отдела,45774,8
29,Э. О. Кнопов,М,2000,2015,Служба управления персоналом,Специалист,45367,9
30,К. В. Шуликина,Ж,1980,2012,Производственно-технический комплекс,Старший специалист,45993,3
31,А. В. Назарцев,М,1997,2012,Департамент международного сотрудничества,Экономист,45296,2
32,Л. Л. Падикова,Ж,2003,2018,Бухгалтерия,Менеджер по продажам,45574,8
33,К. И. Сулбанова,Ж,2006,2021,Департамент управления закупками,Бугалтер,45509,7
34,Е. А. Байгуттуев,М,2002,2017,Производственно-технический комплекс,Бугалтер,45369,3
35,С. В. Кмегина,Ж,1977,2009,Режимно-секретный отдел,Инженер,45820,6
36,Я. Я. Теплынина,Ж,1994,2009,Служба безопасности,Старший специалист,45531,5
37,Л. Б. Кукликова,Ж,1999,2014,Бухгалтерия,Менеджер по продажам,45910,8
38,В. О. Мамзурин,М,1994,2009,Производственно-технический комплекс,Менеджер по продажам,45497,3
39,С. С. Леберев,М,1978,2010,Департамент управления закупками,Инженер,45141,7
40,Л. Б. Ванюнькина,Ж,1998,2013,Производственно-технический комплекс,Экономист,45569,3
41,К. Д. Кашенцев,М,1979,2011,Бухгалтерия,Бугалтер,45278,8
42,Я. С. Энкина,Ж,1984,2016,Производственно-технический комплекс,Бугалтер,45929,3
43,Т. В. Сепчилова,Ж,1993,2008,Финансово-экономический отдел,Менеджер по продажам,45938,4
44,Г. К. Наздрюхина,Ж,1982,2014,Производственно-технический комплекс,Менеджер по продажам,45553,3
45,С. Н. Машадова,Ж,1993,2008,Департамент международного сотрудничества,Инженер,45904,2
46,С. Е. Семикашева,Ж,1976,2008,Департамент управления закупками,Экономист,45989,7
47,О. Е. Желнеев,М,1978,2010,Служба управления персоналом,Старший специалист,45447,9
48,Т. П. Пирушкин,М,1985,2017,Режимно-секретный отдел,Инженер,45148,6
49,А. М. Реполова,Ж,2000,2015,Департамент управления закупками,Старший специалист,45741,7
50,И. А. Гиоев,М,2004,2019,Служба безопасности,Начальник отдела,45235,5
51,Л. О. Мещанов,М,2000,2015,Департамент управления закупками,Бугалтер,45061,7
52,А. Я. Ортынская,Ж,1976,2008,Служба безопасности,Инженер,45547,5
53,Я. Е. Сосерова,Ж,1975,2007,Режимно-секретный отдел,Старший специалист,45580,6
54,Г. Я. Корначев,М,1976,2008,Служба безопасности,Старший специалист,45139,5
55,М. М. Жаричев,М,2006,2021,Производственно-технический комплекс,Бугалтер,45033,3
56,Г. Р. Косинков,М,1976,2008,Служба безопасности,Экономист,45275,5
57,А. В. Офитова,Ж,2003,2018,Финансово-экономический отдел,Инженер,45778,4
58,В. П. Ярослов,М,1985,2017,Режимно-секретный отдел,Менеджер по продажам,45420,6
59,А. М. Щуровская,Ж,1975,2007,Режимно-секретный отдел,Экономист,45716,6
60,М. А. Патрусов,М,1974,2006,Служба безопасности,Экономист,45443,5
61,Я. А. Алпаев,М,1985,2017,Департамент международного сотрудничества,Бугалтер,45488,2
62,К. Э. Бодайкова,Ж,2003,2018,Финансово-экономический отдел,Бугалтер,45642,4
63,А. В. Федосков,М,1992,2007,Департамент управления закупками,Начальник отдела,45053,7
64,В. О. Тесков,М,2001,2016,Финансово-экономический отдел,Менеджер по продажам,45266,4
65,П. Р. Никофорова,Ж,1986,2018,Служба управления персоналом,Специалист,45591,9
66,Е. Ю. Ольгов,М,2004,2019,Производственно-технический комплекс,Экономист,45065,3
67,Б. В. Кодзасов,М,2002,2017,Служба управления персоналом,Экономист,45471,9
68,А. Б. Печеникина,Ж,1978,2010,Департамент управления закупками,Старший специалист,45685,7
69,А. П. Примашева,Ж,1985,2017,Финансово-экономический отдел,Специалист,45794,4
70,В. Т. Акмеев,М,1987,2019,Бухгалтерия,Специалист,45150,8
71,Г. А. Фимохин,М,1978,2010,Производственно-технический комплекс,Бугалтер,45481,3
72,В. М. Олеников,М,1984,2016,Служба безопасности,Специалист,45283,5
73,А. К. Стригикова,Ж,1981,2013,Департамент международного сотрудничества,Старший специалист,45552,2
74,Е. В. Солодских,Ж,2005,2020,Департамент международного сотрудничества,Экономист,45576,2
75,В. Е. Чачаев,М,2001,2016,Департамент международного сотрудничества,Инженер,45232,2
76,А. Г. Рязанкин,М,1977,2009,Департамент международного сотрудничества,Инженер,45344,2
77,Е. О. Рачинская,Ж,1981,2013,Финансово-экономический отдел,Инженер,45722,4
78,В. И. Сивальнев,М,1995,2010,Бухгалтерия,Начальник отдела,45158,8
79,Г. К. Дораев,М,2001,2016,Бухгалтерия,Инженер,45470,8
80,В. Л. Бограчев,М,2004,2019,Департамент управления закупками,Менеджер по продажам,45133,7
81,Д. Н. Тадин,М,1982,2014,Служба управления персоналом,Бугалтер,45383,9
82,Р. А. Кунчукин,М,1994,2009,Служба безопасности,Специалист,45395,5
83,С. Я. Оборенкова,Ж,1985,2017,Режимно-секретный отдел,Бугалтер,45964,6
84,П. В. Крохоткин,М,1996,2011,Служба безопасности,Специалист,45227,5
85,И. К. Гумоткина,Ж,2001,2016,Финансово-экономический отдел,Инженер,45946,4
86,Р. В. Даронцева,Ж,1974,2006,Служба управления персоналом,Менеджер по продажам,45511,9
87,С. В. Килин,М,1975,2007,Бухгалтерия,Экономист,45478,8
88,Р. Ю. Ивутин,М,1992,2007,Производственно-технический комплекс,Инженер,45393,3
89,В. И. Слабовский,М,1982,2014,Департамент управления закупками,Старший специалист,45349,7
90,А. Б. Игуменцева,Ж,1978,2010,Служба управления персоналом,Начальник отдела,45991,9
91,В. А. Горлатых,М,1993,2008,Режимно-секретный отдел,Экономист,45156,6
92,П. Д. Герасичев,М,1980,2012,Департамент управления закупками,Специалист,45381,7
93,Г. Л. Штыхина,Ж,1979,2011,Режимно-секретный отдел,Начальник отдела,45788,6
94,К. П. Колонтаева,Ж,1987,2019,Департамент международного сотрудничества,Начальник отдела,45592,2
95,Р. М. Мослягина,Ж,1995,2010,Режимно-секретный отдел,Старший специалист,45804,6
96,В. И. Жмарев,М,1985,2017,Департамент международного сотрудничества,Старший специалист,45216,2
97,А. Ю. Дивулин,М,1977,2009,Бухгалтерия,Старший специалист,45174,8
98,В. И. Юричев,М,1987,2019,Режимно-секретный отдел,Менеджер по продажам,45252,6
99,А. М. Цыплов,М,1986,2018,Производственно-технический комплекс,Специалист,45353,3
100,Г. А. Зиновин,М,1991,2006,Департамент международного сотрудничества,Инженер,45120,2
101,Ж. Ф. Маркашова,Ж,1977,2009,Режимно-секретный отдел,Начальник отдела,45956,6
102,М. А. Грузеев,М,1988,2020,Производственно-технический комплекс,Специалист,45185,3
103,Л. К. Мерздикина,Ж,1982,2014,Производственно-технический комплекс,Старший специалист,45825,3
104,С. Д. Бухтарев,М,1980,2012,Служба безопасности,Инженер,45211,5
105,П. В. Жамолова,Ж,2004,2019,Служба безопасности,Старший специалист,45643,5
106,Д. И. Тарлецков,М,1986,2018,Служба управления персоналом,Менеджер по продажам,45455,9
107,М. Э. Кудаланова,Ж,1985,2017,Режимно-секретный отдел,Старший специалист,45692,6
108,С. Ф. Селикашев,М,1995,2010,Финансово-экономический отдел,Бугалтер,45362,4
109,К. В. Вобкова,Ж,1975,2007,Департамент международного сотрудничества,Начальник отдела,45648,2
110,Г. П. Карачеев,М,1996,2011,Служба управления персоналом,Начальник отдела,45431,9
111,В. В. Гаравецкая,Ж,1993,2008,Финансово-экономический отдел,Начальник отдела,45802,4
112,А. Д. Каткнский,М,2001,2016,Финансово-экономический отдел,Специалист,45402,4
113,Л. В. Переводкин,М,1994,2009,Служба управления персоналом,Инженер,45463,9
114,Д. Б. Хасмамедов,М,2000,2015,Служба управления персоналом,Начальник отдела,45095,9
115,А. А. Козелкина,Ж,2006,2021,Служба безопасности,Инженер,45883,5
116,Т. К. Батурин,М,1982,2014,Служба безопасности,Менеджер по продажам,45315,5
117,С. Я. Трухтова,Ж,2003,2018,Бухгалтерия,Специалист,45710,8
118,А. Р. Трощенков,М,1977,2009,Режимно-секретный отдел,Специалист,45276,6
119,Р. М. Шлеин,М,1982,2014,Служба безопасности,Инженер,45043,5
120,В. А. Казеров,М,1993,2008,Бухгалтерия,Инженер,45190,8
121,С. А. Иванюшкина,Ж,1975,2007,Режимно-секретный отдел,Инженер,45988,6
122,Т. Л. Ханютин,М,1996,2011,Производственно-технический комплекс,Инженер,45057,3
123,Н. Н. Микилева,Ж,1997,2012,Режимно-секретный отдел,Специалист,45500,6
124,Д. М. Ломохов,М,1997,2012,Режимно-секретный отдел,Инженер,45092,6
125,А. П. Аниськина,Ж,1980,2012,Служба безопасности,Экономист,45891,5
126,М. А. Быдин,М,2002,2017,Департамент управления закупками,Менеджер по продажам,45301,7
127,К. Б. Бобкова,Ж,1985,2017,Департамент международного сотрудничества,Начальник отдела,45760,2
128,К. В. Урядникова,Ж,2004,2019,Служба безопасности,Экономист,45779,5
129,К. Р. Массарская,Ж,1991,2006,Департамент международного сотрудничества,Бугалтер,45936,2
130,К. Э. Трушкина,Ж,2003,2018,Финансово-экономический отдел,Экономист,45506,4
131,О. Н. Саманаева,Ж,2006,2021,Служба безопасности,Бугалтер,45747,5
132,Н. А. Моксякова,Ж,1997,2012,Финансово-экономический отдел,Старший специалист,45874,4
133,А. М. Флеров,М,1985,2017,Режимно-секретный отдел,Начальник отдела,45284,6
134,К. Р. Чейкова,Ж,1980,2012,Производственно-технический комплекс,Менеджер по продажам,45721,3
135,К. Р. Шлюкова,Ж,1998,2013,Производственно-технический комплекс,Начальник отдела,45977,3
136,К. Т. Кургашов,М,1993,2008,Бухгалтерия,Бугалтер,45054,8
137,В. О. Шамшуаров,М,2005,2020,Бухгалтерия,Начальник отдела,45270,8
138,Д. А. Бабунов,М,1986,2018,Служба управления персоналом,Инженер,45183,9
139,М. П. Ависов,М,1998,2013,Служба безопасности,Экономист,45331,5
140,Я. Л. Грошев,М,1999,2014,Департамент международного сотрудничества,Экономист,45128,2
141,К. П. Долгошеина,Ж,1981,2013,Режимно-секретный отдел,Менеджер по продажам,45756,6
142,Н. П. Вахонин,М,1983,2015,Финансово-экономический отдел,Старший специалист,45146,4
143,К. Р. Резевская,Ж,1983,2015,Финансово-экономический отдел,Специалист,45962,4
144,К. Н. Коропалова,Ж,2001,2016,Департамент международного сотрудничества,Экономист,45912,2
145,В. П. Митрошичев,М,1984,2016,Служба управления персоналом,Экономист,45079,9
146,А. Т. Кононников,М,1996,2011,Служба безопасности,Экономист,45499,5
147,А. В. Колумтов,М,1990,2005,Служба управления персоналом,Специалист,45255,9
148,Е. М. Барденкова,Ж,1996,2011,Служба управления персоналом,Старший специалист,45839,9
149,Р. П. Томнаков,М,2003,2018,Бухгалтерия,Инженер,45302,8
150,П. А. Лососкова,Ж,1980,2012,Служба управления персоналом,Инженер,45687,9
151,И. И. Воркуева,Ж,1987,2019,Финансово-экономический отдел,Экономист,45898,4
152,И. М. Смирницкий,М,1984,2016,Служба безопасности,Менеджер по продажам,45147,5
153,М. В. Вайдова,Ж,1988,2020,Служба безопасности,Менеджер по продажам,45763,5
154,Т. Б. Самсыкина,Ж,2002,2017,Служба управления персоналом,Начальник отдела,45879,9
155,Д. М. Неугомонов,М,2004,2019,Служба управления персоналом,Экономист,45303,9
156,А. М. Юговинкина,Ж,1995,2010,Бухгалтерия,Экономист,45702,8
157,В. Я. Гришечина,Ж,1983,2015,Финансово-экономический отдел,Начальник отдела,45690,4
158,М. Д. Склянкин,М,1996,2011,Департамент управления закупками,Бугалтер,45397,7
159,В. А. Пергушова,Ж,1998,2013,Служба управления персоналом,Бугалтер,45943,9
160,С. Л. Бибицева,Ж,1977,2009,Финансово-экономический отдел,Специалист,45514,4
161,В. П. Черцова,Ж,2000,2015,Департамент управления закупками,Экономист,45877,7
162,Д. Е. Гулюткин,М,2001,2016,Режимно-секретный отдел,Специалист,45164,6
163,К. Л. Овдин,М,1993,2008,Бухгалтерия,Начальник отдела,45326,8
164,О. В. Ряховских,Ж,2005,2020,Бухгалтерия,Специалист,45542,8
165,В. В. Патышнев,М,1990,2005,Служба безопасности,Начальник отдела,45459,5
166,А. Б. Шивелева,Ж,1978,2010,Служба безопасности,Начальник отдела,45515,5
167,Ф. Т. Индыкин,М,1975,2007,Департамент международного сотрудничества,Бугалтер,45376,2
168,Р. И. Отопков,М,1974,2006,Служба безопасности,Старший специалист,45307,5
169,К. Н. Сгрибилова,Ж,1983,2015,Режимно-секретный отдел,Специалист,45724,6
170,З. А. Зыгина,Ж,1985,2017,Режимно-секретный отдел,Специалист,45556,6
171,В. В. Пигарева,Ж,1978,2010,Производственно-технический комплекс,Инженер,45617,3
172,В. Д. Стригалев,М,2000,2015,Департамент управления закупками,Инженер,45197,7
173,И. Д. Постричев,М,1996,2011,Производственно-технический комплекс,Начальник отдела,45193,3
174,Е. Ф. Хураськина,Ж,1974,2006,Служба безопасности,Менеджер по продажам,45987,5
175,Е. С. Шибайкина,Ж,1978,2010,Департамент управления закупками,Экономист,45821,7
176,Е. Я. Москвичева,Ж,1997,2012,Департамент международного сотрудничества,Специалист,45976,2
177,А. В. Гнатьев,М,1988,2020,Служба безопасности,Инженер,45491,5
178,А. Р. Холявкин,М,2002,2017,Департамент управления закупками,Инженер,45029,7
179,Г. Б. Танжева,Ж,1974,2006,Производственно-технический комплекс,Экономист,45681,3
180,Ф. М. Драговцев,М,1997,2012,Бухгалтерия,Старший специалист,45398,8
181,М. П. Рачеев,М,1989,2021,Бухгалтерия,Экономист,45254,8
182,Е. Е. Гаязова,Ж,1995,2010,Режимно-секретный отдел,Менеджер по продажам,45532,6
183,А. С. Махлюков,М,2005,2020,Бухгалтерия,Инженер,45134,8
184,З. М. Грищина,Ж,2002,2017,Производственно-технический комплекс,Инженер,45505,3
185,А. Я. Солотов,М,1987,2019,Бухгалтерия,Экономист,45422,8
186,К. Э. Муманова,Ж,1992,2007,Служба безопасности,Экономист,45835,5
187,Л. П. Луина,Ж,1985,2017,Бухгалтерия,Бугалтер,45726,8
188,В. П. Штягин,М,1990,2005,Департамент управления закупками,Начальник отдела,45221,7
189,М. Л. Корчинский,М,2005,2020,Режимно-секретный отдел,Бугалтер,45236,6
190,А. А. Фальшин,М,1974,2006,Служба безопасности,Специалист,45171,5
191,А. П. Эльконин,М,2001,2016,Бухгалтерия,Экономист,45198,8
192,Н. В. Павлухин,М,1984,2016,Производственно-технический комплекс,Начальник отдела,45249,3
193,Г. Я. Баряев,М,1980,2012,Служба безопасности,Бугалтер,45075,5
194,В. Р. Вейтина,Ж,1989,2021,Департамент международного сотрудничества,Экономист,45968,2
195,Р. Л. Ходилина,Ж,1996,2011,Производственно-технический комплекс,Старший специалист,45601,3
196,С. В. Базырова,Ж,1996,2011,Производственно-технический комплекс,Экономист,45737,3
197,О. А. Кухначева,Ж,1981,2013,Бухгалтерия,Экономист,45926,8
198,Д. Т. Черновалов,М,1981,2013,Финансово-экономический отдел,Старший специалист,45314,4
199,Р. Л. Дубинцев,М,1995,2010,Бухгалтерия,Специалист,45430,8
200,В. П. Соконов,М,1986,2018,Служба безопасности,Старший специалист,45251,5
201,А. Ф. Порфенов,М,1987,2019,Финансово-экономический отдел,Начальник отдела,45354,4
202,А. П. Дерябов,М,2001,2016,Бухгалтерия,Старший специалист,45062,8
203,Р. Р. Ворожищева,Ж,1990,2005,Служба управления персоналом,Начальник отдела,45935,9
204,Е. С. Гертовских,М,1989,2021,Режимно-секретный отдел,Старший специалист,45356,6
205,Е. А. Шелихова,Ж,1978,2010,Департамент управления закупками,Бугалтер,45957,7
206,Т. Л. Курхин,М,1995,2010,Режимно-секретный отдел,Бугалтер,45124,6
207,К. О. Серенов,М,1978,2010,Департамент управления закупками,Бугалтер,45005,7
208,Ж. М. Коломышева,Ж,1975,2007,Бухгалтерия,Начальник отдела,45886,8
209,К. Р. Хоняткина,Ж,1987,2019,Финансово-экономический отдел,Старший специалист,45762,4
210,В. В. Борянская,Ж,1988,2020,Департамент управления закупками,Менеджер по продажам,45525,7
211,К. А. Нетусов,М,2004,2019,Производственно-технический комплекс,Бугалтер,45201,3
212,А. Е. Петрушкова,Ж,1985,2017,Департамент международного сотрудничества,Менеджер по продажам,45896,2
213,В. И. Апушкина,Ж,1982,2014,Служба безопасности,Инженер,45995,5
214,П. М. Пошенин,М,1982,2014,Департамент управления закупками,Менеджер по продажам,45077,7
215,А. А. Альмурзаев,М,2005,2020,Финансово-экономический отдел,Специалист,45066,4
216,К. Ф. Ясмщиков,М,1993,2008,Бухгалтерия,Менеджер по продажам,45462,8
217,Я. В. Ячеистова,Ж,1997,2012,Финансово-экономический отдел,Менеджер по продажам,45602,4
218,Г. К. Корняков,М,1981,2013,Департамент международного сотрудничества,Специалист,45416,2
219,Е. К. Будов,М,1977,2009,Финансово-экономический отдел,Инженер,45106,4
220,Г. М. Ганаев,М,1979,2011,Режимно-секретный отдел,Экономист,45380,6
221,В. Д. Прозорина,Ж,2001,2016,Бухгалтерия,Менеджер по продажам,45742,8
222,С. В. Тюштяева,Ж,1991,2006,Финансово-экономический отдел,Экономист,45562,4
223,Л. Г. Мухоркин,М,2002,2017,Департамент управления закупками,Специалист,45437,7
224,В. Е. Чехранова,Ж,2002,2017,Департамент управления закупками,Бугалтер,45845,7
225,А. Р. Маслецова,Ж,1978,2010,Служба управления персоналом,Экономист,45583,9
226,А. А. Малунцев,М,1990,2005,Производственно-технический комплекс,Экономист,45289,3
227,Г. М. Мишунов,М,1993,2008,Режимно-секретный отдел,Бугалтер,45292,6
228,С. А. Казанков,М,1977,2009,Департамент международного сотрудничества,Начальник отдела,45480,2
229,Е. М. Азяков,М,1981,2013,Департамент международного сотрудничества,Инженер,45008,2
230,В. Ю. Новокщенов,М,1978,2010,Служба безопасности,Бугалтер,45243,5
231,Л. Н. Заворухина,Ж,2006,2021,Служба управления персоналом,Специалист,45815,9
232,Н. А. Крупинов,М,1981,2013,Финансово-экономический отдел,Специалист,45178,4
233,П. П. Алпакберов,М,1993,2008,Режимно-секретный отдел,Старший специалист,45020,6
234,Р. Е. Костяева,Ж,1985,2017,Финансово-экономический отдел,Начальник отдела,45522,4
235,А. В. Тараносова,Ж,2004,2019,Департамент управления закупками,Инженер,45813,7
236,Ю. Д. Прудченков,М,1993,2008,Департамент международного сотрудничества,Начальник отдела,45088,2
237,Е. Ю. Сабунаев,М,1986,2018,Служба управления персоналом,Бугалтер,45047,9
238,Д. О. Чепалов,М,1991,2006,Режимно-секретный отдел,Старший специалист,45188,6
239,О. К. Немчинов,М,1994,2009,Производственно-технический комплекс,Инженер,45225,3
240,А. Б. Ошкукова,Ж,1978,2010,Производственно-технический комплекс,Начальник отдела,45753,3
241,Э. В. Шильцин,М,1981,2013,Департамент международного сотрудничества,Начальник отдела,45144,2
242,К. Н. Буртасова,Ж,1996,2011,Департамент управления закупками,Начальник отдела,45669,7
243,Е. Е. Сулейманов,М,1980,2012,Служба управления персоналом,Старший специалист,45279,9
244,Л. А. Зосимова,Ж,1994,2009,Служба безопасности,Экономист,45667,5
245,Ю. К. Панорилова,Ж,2006,2021,Департамент управления закупками,Менеджер по продажам,45917,7
246,М. А. Леоночев,М,1987,2019,Финансово-экономический отдел,Инженер,45218,4
247,Ю. Э. Ягубчикова,Ж,1990,2005,Департамент управления закупками,Бугалтер,45901,7
248,О. Р. Уманова,Ж,1975,2007,Финансово-экономический отдел,Менеджер по продажам,45546,4
249,Я. М. Лошечников,М,1985,2017,Режимно-секретный отдел,Бугалтер,45012,6
250,В. П. Куртасова,Ж,1978,2010,Департамент управления закупками,Специалист,45549,7
251,К. М. Балобанова,Ж,1998,2013,Служба безопасности,Менеджер по продажам,45875,5
252,Д. Н. Елынин,М,2003,2018,Департамент международного сотрудничества,Специалист,45472,2
253,Л. О. Коптеева,Ж,1990,2005,Служба управления персоналом,Инженер,45799,9
254,А. В. Ловриков,М,1977,2009,Режимно-секретный отдел,Старший специалист,45412,6
255,А. Т. Шадчинев,М,1992,2007,Производственно-технический комплекс,Бугалтер,45257,3
256,Е. Е. Гедованова,Ж,1982,2014,Служба безопасности,Экономист,45723,5
257,К. В. Берднева,Ж,2002,2017,Департамент управления закупками,Инженер,45981,7
258,Е. Я. Исарева,Ж,1974,2006,Производственно-технический комплекс,Бугалтер,45817,3
259,М. О. Закелов,М,1982,2014,Производственно-технический комплекс,Инженер,45281,3
260,Т. М. Беченкова,Ж,2005,2020,Департамент международного сотрудничества,Инженер,45848,2
261,А. Ф. Кладкова,Ж,1983,2015,Финансово-экономический отдел,Менеджер по продажам,45826,4
262,М. Б. Ляхова,Ж,1982,2014,Служба безопасности,Бугалтер,45859,5
263,А. С. Тюлендеев,М,1995,2010,Финансово-экономический отдел,Инженер,45498,4
264,Л. Н. Огибалина,Ж,1994,2009,Департамент управления закупками,Инженер,45701,7
265,С. П. Мумеджанов,М,1997,2012,Финансово-экономический отдел,Экономист,45058,4
266,В. А. Камянов,М,1990,2005,Производственно-технический комплекс,Специалист,45017,3
267,А. Е. Соковишин,М,1981,2013,Режимно-секретный отдел,Экономист,45212,6
268,Ф. В. Никритин,М,1999,2014,Режимно-секретный отдел,Старший специалист,45468,6
269,П. Л. Гранина,Ж,1997,2012,Департамент международного сотрудничества,Инженер,45568,2
270,Я. С. Дашкеев,М,1984,2016,Служба управления персоналом,Начальник отдела,45487,9
271,В. Д. Клянченков,М,1976,2008,Производственно-технический комплекс,Специалист,45241,3
272,А. Н. Помазуева,Ж,2003,2018,Департамент международного сотрудничества,Бугалтер,45880,2
273,В. П. Антоников,М,1981,2013,Режимно-секретный отдел,Старший специалист,45076,6
274,К. М. Кабаскова,Ж,1977,2009,Департамент международного сотрудничества,Менеджер по продажам,45616,2
275,Н. И. Плющевская,Ж,1996,2011,Департамент управления закупками,Инженер,45533,7
276,Д. Э. Лантшина,Ж,1978,2010,Служба управления персоналом,Инженер,45855,9
277,А. Т. Несякин,М,1983,2015,Финансово-экономический отдел,Бугалтер,45418,4
278,Р. В. Недосехин,М,1996,2011,Департамент управления закупками,Старший специалист,45125,7
279,С. В. Тенилина,Ж,2001,2016,Режимно-секретный отдел,Менеджер по продажам,45980,6
280,Д. И. Мололыгина,Ж,1989,2021,Департамент международного сотрудничества,Менеджер по продажам,45560,2
281,Л. Я. Смернева,Ж,1991,2006,Режимно-секретный отдел,Инженер,45596,6
282,Я. А. Елшин,М,1993,2008,Финансово-экономический отдел,Экономист,45394,4
283,В. Н. Карнизова,Ж,1979,2011,Департамент международного сотрудничества,Старший специалист,45720,2
284,К. Н. Ахмазова,Ж,1999,2014,Финансово-экономический отдел,Экономист,45842,4
285,Л. Е. Мурасеева,Ж,2004,2019,Служба безопасности,Специалист,45507,5
286,Е. К. Журабина,Ж,1975,2007,Финансово-экономический отдел,Специалист,45682,4
287,П. Б. Косневкина,Ж,1979,2011,Департамент международного сотрудничества,Экономист,45856,2
288,К. Б. Шпрыкова,Ж,1998,2013,Департамент управления закупками,Старший специалист,45909,7
289,Д. В. Шихин,М,1978,2010,Служба управления персоналом,Менеджер по продажам,45175,9
290,Е. Л. Фидоринова,Ж,1987,2019,Департамент международного сотрудничества,Менеджер по продажам,45728,2
291,В. В. Горламова,Ж,2002,2017,Производственно-технический комплекс,Менеджер по продажам,45777,3
292,Я. Б. Мощинский,М,1987,2019,Режимно-секретный отдел,Начальник отдела,45116,6
293,А. Ф. Кучешева,Ж,1998,2013,Производственно-технический комплекс,Инженер,45841,3
294,С. Л. Искусова,Ж,1986,2018,Производственно-технический комплекс,Экономист,45625,3
295,В. В. Бродкин,М,2006,2021,Служба безопасности,Старший специалист,45475,5
296,А. В. Шемашнев,М,1992,2007,Служба безопасности,Инженер,45155,5
297,А. С. Симоткин,М,1973,2005,Департамент международного сотрудничества,Экономист,45408,2
298,А. В. Заливаева,Ж,2006,2021,Департамент управления закупками,Инженер,45645,7
299,А. М. Груфтмина,Ж,1993,2008,Финансово-экономический отдел,Инженер,45666,4
300,А. К. Степуров,М,1979,2011,Режимно-секретный отдел,Старший специалист,45244,6
301,И. Н. Осанкина,Ж,1973,2005,Бухгалтерия,Бугалтер,45782,8
302,С. Ф. Брусилова,Ж,1995,2010,Бухгалтерия,Инженер,45974,8
303,А. Т. Бозиев,М,2006,2021,Департамент управления закупками,Специалист,45101,7
304,А. Ю. Асцатуров,М,2002,2017,Служба управления персоналом,Старший специалист,45335,9
305,М. Б. Азимова,Ж,1982,2014,Служба управления персоналом,Начальник отдела,45655,9
306,И. П. Асмаков,М,1973,2005,Финансово-экономический отдел,Экономист,45170,4
307,И. Ф. Болконская,Ж,1986,2018,Департамент управления закупками,Старший специалист,45965,7
308,В. И. Рыкунов,М,1989,2021,Режимно-секретный отдел,Специалист,45220,6
309,А. В. Ривоненков,М,1994,2009,Служба безопасности,Начальник отдела,45123,5
310,А. П. Аченков,М,2006,2021,Департамент управления закупками,Старший специалист,45237,7
311,О. Б. Латыпова,Ж,1990,2005,Производственно-технический комплекс,Специалист,45969,3
312,В. Ю. Основский,М,2005,2020,Режимно-секретный отдел,Инженер,45372,6
313,М. А. Зоцина,Ж,1996,2011,Служба безопасности,Начальник отдела,45907,5
314,А. И. Михайова,Ж,1973,2005,Режимно-секретный отдел,Экономист,45884,6
315,Г. Н. Кальчев,М,1980,2012,Производственно-технический комплекс,Экономист,45177,3
316,Г. Д. Тюриков,М,1990,2005,Служба безопасности,Бугалтер,45187,5
317,И. С. Драевский,М,1975,2007,Режимно-секретный отдел,Специалист,45444,6
318,И. Н. Маерникова,Ж,1977,2009,Бухгалтерия,Инженер,45582,8
319,Г. А. Обойшева,Ж,1986,2018,Департамент управления закупками,Менеджер по продажам,45693,7
320,С. Б. Нечадова,Ж,1974,2006,Служба безопасности,Бугалтер,45579,5
321,Ю. В. Рацугина,Ж,2004,2019,Служба безопасности,Бугалтер,45915,5
322,П. Н. Дребина,Ж,2000,2015,Служба управления персоналом,Экономист,45639,9
323,Л. В. Слесивых,Ж,1989,2021,Бухгалтерия,Инженер,45526,8
324,Л. Р. Гуртикова,Ж,1999,2014,Режимно-секретный отдел,Экономист,45604,6
325,В. В. Чалмаев,М,1989,2021,Бухгалтерия,Бугалтер,45390,8
326,Л. Ф. Потычева,Ж,2005,2020,Режимно-секретный отдел,Специалист,45780,6
327,А. И. Посуненков,М,1975,2007,Финансово-экономический отдел,Экономист,45002,4
328,С. Я. Тупожилова,Ж,2004,2019,Департамент управления закупками,Экономист,45541,7
329,А. Н. Мархасин,М,1985,2017,Бухгалтерия,Начальник отдела,45046,8
330,Н. В. Игнатькова,Ж,1977,2009,Финансово-экономический отдел,Бугалтер,45922,4
331,С. В. Бетелева,Ж,1984,2016,Департамент управления закупками,Начальник отдела,45725,7
332,В. В. Лажинцева,Ж,2001,2016,Департамент международного сотрудничества,Менеджер по продажам,45504,2
333,А. Н. Глянцева,Ж,1980,2012,Департамент управления закупками,Инженер,45925,7
334,К. Э. Тепикина,Ж,1978,2010,Служба управления персоналом,Бугалтер,45719,9
335,К. Ф. Крайницкая,Ж,1973,2005,Режимно-секретный отдел,Специалист,45612,6
336,Я. В. Зубехин,М,1987,2019,Департамент международного сотрудничества,Старший специалист,45048,2
337,А. Л. Кабединова,Ж,1990,2005,Департамент управления закупками,Экономист,45765,7
338,К. А. Изотов,М,1995,2010,Финансово-экономический отдел,Старший специалист,45090,4
339,Р. Е. Потугина,Ж,1975,2007,Департамент международного сотрудничества,Менеджер по продажам,45784,2
340,В. В. Шелепанов,М,1978,2010,Служба управления персоналом,Начальник отдела,45039,9
341,М. П. Талибина,Ж,1986,2018,Служба безопасности,Бугалтер,45523,5
342,Н. Н. Ирых,Ж,1996,2011,Департамент управления закупками,Специалист,45941,7
343,С. А. Аблялимов,М,1994,2009,Служба безопасности,Менеджер по продажам,45259,5
344,П. И. Шимков,М,1983,2015,Режимно-секретный отдел,Инженер,45316,6
345,И. И. Замлелова,Ж,1997,2012,Бухгалтерия,Инженер,45806,8
346,Д. А. Корохин,М,1975,2007,Бухгалтерия,Менеджер по продажам,45070,8
347,С. Б. Чевалкова,Ж,1974,2006,Производственно-технический комплекс,Инженер,45953,3
348,С. А. Шлимаков,М,1982,2014,Департамент управления закупками,Экономист,45485,7
349,П. О. Полова,Ж,1997,2012,Финансово-экономический отдел,Специалист,45738,4
350,И. О. Берсеньев,М,1989,2021,Департамент международного сотрудничества,Бугалтер,45152,2
351,Ф. Ф. Креминский,М,1994,2009,Служба управления персоналом,Бугалтер,45327,9
352,К. И. Трещанская,Ж,1988,2020,Департамент управления закупками,Специалист,45661,7
353,К. В. Люкурина,Ж,1998,2013,Департамент управления закупками,Специалист,45773,7
354,П. Е. Гаверова,Ж,2001,2016,Бухгалтерия,Специалист,45878,8
355,Л. Л. Кожечкина,Ж,2004,2019,Производственно-технический комплекс,Менеджер по продажам,45609,3
356,С. Я. Кириленков,М,2003,2018,Бухгалтерия,Бугалтер,45166,8
357,Д. О. Кортинева,Ж,1984,2016,Служба безопасности,Экономист,45555,5
358,В. И. Утогнина,Ж,1977,2009,Департамент международного сотрудничества,Старший специалист,45888,2
359,Н. Э. Покачанова,Ж,1987,2019,Режимно-секретный отдел,Инженер,45932,6
360,П. М. Чинарин,М,1982,2014,Производственно-технический комплекс,Бугалтер,45145,3
361,К. М. Назарькин,М,1991,2006,Департамент международного сотрудничества,Менеджер по продажам,45392,2
362,Н. Д. Дукорский,М,1985,2017,Департамент международного сотрудничества,Экономист,45352,2
363,А. Л. Макинин,М,1994,2009,Департамент управления закупками,Старший специалист,45293,7
364,Р. Н. Номахин,М,1999,2014,Бухгалтерия,Экономист,45366,8
365,И. Ф. Озерский,М,1978,2010,Служба безопасности,Экономист,45107,5
366,К. Е. Барласова,Ж,1974,2006,Служба управления персоналом,Экономист,45919,9
367,Р. В. Сладчинков,М,1973,2005,Департамент международного сотрудничества,Старший специалист,45272,2
368,Л. П. Ортина,Ж,1988,2020,Служба безопасности,Специалист,45899,5
369,С. К. Чекурина,Ж,1978,2010,Производственно-технический комплекс,Менеджер по продажам,45889,3
370,Ю. К. Шальков,М,2003,2018,Департамент международного сотрудничества,Инженер,45064,2
371,П. П. Калетанов,М,1998,2013,Служба управления персоналом,Инженер,45127,9
372,К. М. Чингина,Ж,2001,2016,Департамент международного сотрудничества,Специалист,45640,2
373,Л. П. Пожецкий,М,2001,2016,Бухгалтерия,Бугалтер,45334,8
374,Г. В. Паролов,М,1988,2020,Служба управления персоналом,Инженер,45015,9
375,Г. Р. Адаменков,М,1984,2016,Департамент управления закупками,Старший специалист,45181,7
376,Г. Э. Камалова,Ж,1979,2011,Режимно-секретный отдел,Бугалтер,45516,6
377,В. А. Шляхтицева,Ж,1987,2019,Департамент международного сотрудничества,Специалист,45864,2
378,А. Р. Зерина,Ж,1998,2013,Департамент управления закупками,Менеджер по продажам,45637,7
379,С. П. Суприна,Ж,1986,2018,Служба безопасности,Инженер,45659,5
380,О. Т. Дурабажев,М,1999,2014,Бухгалтерия,Старший специалист,45230,8
381,С. С. Абадаев,М,1982,2014,Производственно-технический комплекс,Экономист,45009,3
382,Ф. Б. Тибекин,М,1989,2021,Бухгалтерия,Старший специалист,45118,8
383,О. И. Корянков,М,1996,2011,Служба управления персоналом,Экономист,45023,9
384,А. И. Мимотников,М,1983,2015,Режимно-секретный отдел,Бугалтер,45180,6
385,Э. Л. Шаламов,М,1985,2017,Финансово-экономический отдел,Экономист,45114,4
386,Ф. В. Юпуртышкин,М,1977,2009,Режимно-секретный отдел,Начальник отдела,45004,6
387,А. С. Дворицкая,Ж,2001,2016,Режимно-секретный отдел,Начальник отдела,45844,6
388,Ф. В. Шодурский,М,1998,2013,Служба управления персоналом,Менеджер по продажам,45399,9
389,А. А. Кунбутаева,Ж,1991,2006,Бухгалтерия,Менеджер по продажам,45630,8
390,Б. Н. Блахов,М,1992,2007,Служба безопасности,Менеджер по продажам,45427,5
391,Е. Н. Машенькина,Ж,1982,2014,Служба безопасности,Старший специалист,45587,5
392,Е. Р. Колькова,Ж,2003,2018,Бухгалтерия,Старший специалист,45846,8
393,Н. Л. Дадукина,Ж,1990,2005,Служба управления персоналом,Экономист,45527,9
394,А. Н. Каблуков,М,1974,2006,Служба управления персоналом,Бугалтер,45103,9
395,В. В. Голявкина,Ж,1976,2008,Служба безопасности,Специалист,45955,5
396,К. М. Корыткин,М,1975,2007,Режимно-секретный отдел,Начальник отдела,45172,6
397,К. Б. Свиряева,Ж,2004,2019,Служба управления персоналом,Специалист,45983,9
398,С. Е. Кулеманова,Ж,1987,2019,Бухгалтерия,Начальник отдела,45830,8
399,А. В. Шмуглякова,Ж,1976,2008,Производственно-технический комплекс,Инженер,45785,3
400,В. В. Гарнцев,М,1981,2013,Бухгалтерия,Начальник отдела,45382,8
401,Ф. Б. Дуганов,М,1979,2011,Бухгалтерия,Старший специалист,45006,8
402,Е. Д. Чичканова,Ж,1984,2016,Департамент управления закупками,Специалист,45997,7
403,П. Д. Пиголеев,М,1973,2005,Бухгалтерия,Менеджер по продажам,45238,8
404,Ж. Э. Стужинова,Ж,2002,2017,Служба безопасности,Специалист,45675,5
405,Р. И. Брагунцев,М,2005,2020,Департамент международного сотрудничества,Старший специалист,45440,2
406,П. В. Скиляжнов,М,1988,2020,Производственно-технический комплекс,Старший специалист,45321,3
407,Л. Н. Головская,Ж,1973,2005,Финансово-экономический отдел,Старший специалист,45986,4
408,Б. В. Скороденов,М,1979,2011,Финансово-экономический отдел,Менеджер по продажам,45210,4
409,Я. О. Боженков,М,1996,2011,Служба управления персоналом,Бугалтер,45159,9
410,Н. Я. Шимляева,Ж,2005,2020,Финансово-экономический отдел,Начальник отдела,45746,4
411,Ю. В. Гатчикова,Ж,1980,2012,Департамент управления закупками,Старший специалист,45517,7
412,Г. М. Терпенов,М,1991,2006,Режимно-секретный отдел,Экономист,45324,6
413,С. О. Подковкин,М,1983,2015,Департамент международного сотрудничества,Специалист,45248,2
414,Д. Д. Чикалкин,М,1994,2009,Департамент управления закупками,Специалист,45157,7
415,Р. Э. Жутеева,Ж,1994,2009,Производственно-технический комплекс,Специалист,45633,3
416,В. А. Стихеева,Ж,1990,2005,Служба безопасности,Старший специалист,45867,5
417,В. Д. Титунин,М,1983,2015,Департамент международного сотрудничества,Старший специалист,45384,2
418,Р. В. Певыдчиков,М,1978,2010,Производственно-технический комплекс,Старший специалист,45209,3
419,В. И. Лимантов,М,1979,2011,Режимно-секретный отдел,Специалист,45108,6
420,В. А. Волгутова,Ж,1982,2014,Производственно-технический комплекс,Специалист,45689,3
421,О. П. Дядина,Ж,1998,2013,Производственно-технический комплекс,Бугалтер,45705,3
422,В. Д. Тувский,М,1975,2007,Режимно-секретный отдел,Инженер,45036,6
423,Е. Н. Михаева,Ж,1989,2021,Бухгалтерия,Специалист,45934,8
424,Л. Л. Дубиков,М,1996,2011,Департамент управления закупками,Экономист,45261,7
425,А. В. Алипова,Ж,2006,2021,Производственно-технический комплекс,Старший специалист,45713,3
426,Л. Я. Калыкова,Ж,1974,2006,Служба безопасности,Начальник отдела,45851,5
427,А. С. Кургашова,Ж,1975,2007,Финансово-экономический отдел,Экономист,45954,4
428,Н. И. Пигальцева,Ж,1979,2011,Бухгалтерия,Специалист,45822,8
429,З. Л. Витагина,Ж,1999,2014,Финансово-экономический отдел,Старший специалист,45706,4
430,Е. В. Моринская,Ж,2004,2019,Служба управления персоналом,Начальник отдела,45711,9
431,Я. В. Голоднова,Ж,2004,2019,Служба управления персоналом,Менеджер по продажам,45847,9
432,Г. Ф. Исачков,М,1984,2016,Департамент управления закупками,Специалист,45045,7
433,М. М. Виековская,Ж,1976,2008,Служба управления персоналом,Старший специалист,45615,9
434,Я. Н. Байцеров,М,1981,2013,Бухгалтерия,Бугалтер,45110,8
435,В. И. Усватова,Ж,1999,2014,Бухгалтерия,Инженер,45638,8
436,К. Е. Маморнтова,Ж,2006,2021,Производственно-технический комплекс,Экономист,45849,3
437,И. П. Ласьнова,Ж,1977,2009,Финансово-экономический отдел,Старший специалист,45650,4
438,П. К. Жабрев,М,2002,2017,Производственно-технический комплекс,Экономист,45233,3
439,А. Ф. Едкова,Ж,1989,2021,Финансово-экономический отдел,Экономист,45730,4
440,Н. И. Амбицына,Ж,1973,2005,Департамент международного сотрудничества,Бугалтер,45544,2
441,Н. И. Каюрин,М,1979,2011,Бухгалтерия,Инженер,45414,8
442,В. Л. Кашенков,М,1999,2014,Финансово-экономический отдел,Бугалтер,45026,4
443,В. В. Чугаев,М,1980,2012,Производственно-технический комплекс,Инженер,45449,3
444,А. В. Сасенков,М,1998,2013,Департамент управления закупками,Экономист,45093,7
445,В. Н. Колдыркаев,М,1992,2007,Служба управления персоналом,Специалист,45087,9
446,П. А. Пемов,М,1987,2019,Департамент международного сотрудничества,Бугалтер,45320,2
447,Т. И. Кудрявцева,Ж,1999,2014,Режимно-секретный отдел,Инженер,45876,6
448,Б. И. Скорецкий,М,1999,2014,Режимно-секретный отдел,Специалист,45332,6
449,К. Э. Коречкова,Ж,1987,2019,Режимно-секретный отдел,Экономист,45660,6
450,А. Д. Трехачева,Ж,1985,2017,Финансово-экономический отдел,Менеджер по продажам,45658,4
451,Т. В. Болоханова,Ж,2003,2018,Режимно-секретный отдел,Начальник отдела,45676,6
452,З. Н. Карпеева,Ж,1982,2014,Департамент управления закупками,Бугалтер,45621,7
453,Ю. Г. Гвоздорев,М,1973,2005,Департамент международного сотрудничества,Специалист,45136,2
454,В. А. Мискарова,Ж,1986,2018,Служба управления персоналом,Экономист,45863,9
455,К. Я. Прушинская,Ж,1993,2008,Режимно-секретный отдел,Начальник отдела,45564,6
456,М. С. Трощева,Ж,1975,2007,Департамент международного сотрудничества,Инженер,45512,2
457,Ф. А. Хрупанов,М,1992,2007,Департамент управления закупками,Менеджер по продажам,45189,7
458,К. К. Дончаров,М,2004,2019,Департамент управления закупками,Специалист,45269,7
459,Ф. О. Сытытов,М,1998,2013,Департамент управления закупками,Инженер,45365,7
460,К. Э. Жулякова,Ж,1993,2008,Режимно-секретный отдел,Специалист,45836,6
461,Я. В. Коптерева,Ж,1977,2009,Финансово-экономический отдел,Экономист,45786,4
462,В. А. Снессорев,М,1974,2006,Департамент управления закупками,Экономист,45205,7
463,В. М. Теретенков,М,2001,2016,Департамент международного сотрудничества,Начальник отдела,45368,2
464,Е. Н. Голкова,Ж,2005,2020,Режимно-секретный отдел,Менеджер по продажам,45644,6
465,А. Ф. Мономахова,Ж,2002,2017,Служба безопасности,Экономист,45947,5
466,В. П. Кулачков,М,1985,2017,Финансово-экономический отдел,Инженер,45386,4
467,Т. С. Юзовицкая,Ж,2000,2015,Служба управления персоналом,Бугалтер,45775,9
468,И. И. Когдин,М,1980,2012,Служба управления персоналом,Экономист,45415,9
469,К. А. Шерстянов,М,1988,2020,Производственно-технический комплекс,Экономист,45457,3
470,И. Н. Говорюткин,М,2005,2020,Бухгалтерия,Менеджер по продажам,45406,8
471,К. А. Факторова,Ж,1977,2009,Департамент международного сотрудничества,Специалист,45752,2
472,А. К. Теляльков,М,2000,2015,Служба управления персоналом,Менеджер по продажам,45231,9
473,Е. И. Зарьева,Ж,1981,2013,Финансово-экономический отдел,Бугалтер,45586,4
474,А. Д. Пашанин,М,1992,2007,Департамент управления закупками,Специалист,45325,7
475,Д. П. Баксанов,М,1989,2021,Финансово-экономический отдел,Менеджер по продажам,45322,4
476,С. В. Шуршилин,М,1989,2021,Департамент международного сотрудничества,Инженер,45288,2
477,В. Ю. Притворов,М,1988,2020,Служба управления персоналом,Менеджер по продажам,45287,9
478,В. Я. Журков,М,1991,2006,Финансово-экономический отдел,Менеджер по продажам,45154,4
479,Д. В. Калбердин,М,1989,2021,Департамент международного сотрудничества,Начальник отдела,45424,2
480,С. В. Мессанев,М,2002,2017,Служба управления персоналом,Специалист,45199,9
481,В. Э. Клятышева,Ж,1985,2017,Бухгалтерия,Экономист,45590,8
482,И. П. Марундин,М,1981,2013,Финансово-экономический отдел,Менеджер по продажам,45042,4
483,И. М. Шарипзянов,М,1994,2009,Департамент управления закупками,Менеджер по продажам,45021,7
484,К. А. Антоносова,Ж,1976,2008,Производственно-технический комплекс,Бугалтер,45649,3
485,Г. Л. Емяшев,М,2005,2020,Департамент международного сотрудничества,Менеджер по продажам,45168,2
486,Г. А. Тасин,М,1984,2016,Служба безопасности,Старший специалист,45419,5
487,П. В. Лязников,М,1975,2007,Департамент международного сотрудничества,Старший специалист,45104,2
488,В. Д. Фаликова,Ж,1991,2006,Бухгалтерия,Старший специалист,45902,8
489,Е. Н. Шароухов,М,1983,2015,Бухгалтерия,Начальник отдела,45214,8
490,И. А. Востриков,М,1987,2019,Бухгалтерия,Старший специалист,45286,8
491,А. В. Алкасова,Ж,2006,2021,Служба управления персоналом,Начальник отдела,45543,9
492,С. Д. Болдесова,Ж,2001,2016,Режимно-секретный отдел,Инженер,45708,6
493,А. Р. Куляпкина,Ж,1987,2019,Режимно-секретный отдел,Бугалтер,45796,6
494,М. В. Шалдыбина,Ж,1988,2020,Производственно-технический комплекс,Бугалтер,45593,3
495,К. М. Местескин,М,1983,2015,Финансово-экономический отдел,Экономист,45282,4
496,С. Д. Чучелин,М,1999,2014,Режимно-секретный отдел,Начальник отдела,45060,6
497,Ф. В. Абаренков,М,1975,2007,Финансово-экономический отдел,Инженер,45274,4
498,В. Д. Назоев,М,1983,2015,Департамент международного сотрудничества,Менеджер по продажам,45112,2
499,О. В. Мизюкина,Ж,1986,2018,Производственно-технический комплекс,Инженер,45897,3
500,А. Д. Равенских,М,1974,2006,Департамент управления закупками,Инженер,45477,7
501,Е. Ф. Судова,Ж,1977,2009,Бухгалтерия,Начальник отдела,45718,8
502,Г. М. Митропов,М,1979,2011,Бухгалтерия,Экономист,45142,8
503,В. Н. Матинкова,Ж,1992,2007,Департамент управления закупками,Экономист,45597,7
504,Е. О. Шаулина,Ж,1996,2011,Департамент управления закупками,Менеджер по продажам,45805,7
505,Л. А. Татурина,Ж,1995,2010,Режимно-секретный отдел,Специалист,45668,6
506,А. Б. Завидонов,М,1986,2018,Департамент управления закупками,Бугалтер,45285,7
507,И. Б. Зебзеева,Ж,1973,2005,Департамент международного сотрудничества,Начальник отдела,45816,2
508,К. Т. Лизягинов,М,1998,2013,Служба безопасности,Бугалтер,45467,5
509,К. Н. Кочубина,Ж,2000,2015,Служба управления персоналом,Инженер,45911,9
510,К. П. Халынов,М,1998,2013,Производственно-технический комплекс,Старший специалист,45433,3
511,Г. Ф. Хайтинский,М,1983,2015,Режимно-секретный отдел,Начальник отдела,45452,6
512,С. С. Шикинова,Ж,1994,2009,Производственно-технический комплекс,Старший специалист,45769,3
513,М. Г. Расстрыгин,М,1974,2006,Департамент управления закупками,Старший специалист,45069,7
514,И. С. Приварин,М,1986,2018,Производственно-технический комплекс,Начальник отдела,45081,3
515,В. Г. Спиртков,М,1990,2005,Производственно-технический комплекс,Старший специалист,45153,3
516,Г. Е. Фитров,М,1990,2005,Департамент управления закупками,Менеджер по продажам,45357,7
517,В. В. Анварова,Ж,1993,2008,Бухгалтерия,Старший специалист,45734,8
518,И. А. Батехин,М,1995,2010,Департамент международного сотрудничества,Экономист,45464,2
519,И. А. Баламатов,М,1979,2011,Финансово-экономический отдел,Старший специалист,45482,4
520,И. Л. Ципилина,Ж,1989,2021,Бухгалтерия,Менеджер по продажам,45798,8
521,Б. С. Запевин,М,2006,2021,Служба безопасности,Начальник отдела,45067,5
522,В. Е. Пожидаев,М,1976,2008,Служба управления персоналом,Менеджер по продажам,45343,9
523,К. О. Гидина,Ж,1976,2008,Производственно-технический комплекс,Начальник отдела,45921,3
524,М. Л. Куштаева,Ж,1992,2007,Служба управления персоналом,Инженер,45631,9
525,Д. Г. Мастихин,М,2000,2015,Департамент управления закупками,Менеджер по продажам,45469,7
526,А. А. Додолева,Ж,1992,2007,Служба управления персоналом,Начальник отдела,45767,9
527,Ф. И. Гольтеев,М,1984,2016,Служба управления персоналом,Бугалтер,45215,9
528,Г. А. Саратовкин,М,1997,2012,Режимно-секретный отдел,Начальник отдела,45228,6
529,В. Я. Пенчева,Ж,1982,2014,Служба управления персоналом,Инженер,45519,9
530,С. Д. Парсиева,Ж,1973,2005,Финансово-экономический отдел,Менеджер по продажам,45714,4
531,В. М. Лашманова,Ж,1988,2020,Производственно-технический комплекс,Начальник отдела,45865,3
532,Д. И. Нечесова,Ж,1979,2011,Бухгалтерия,Старший специалист,45958,8
533,Л. И. Самокова,Ж,2001,2016,Бухгалтерия,Начальник отдела,45606,8
534,В. С. Чувычина,Ж,1981,2013,Режимно-секретный отдел,Начальник отдела,45620,6
535,М. И. Терехов,М,1993,2008,Финансово-экономический отдел,Старший специалист,45258,4
536,Г. С. Сергеенков,М,1999,2014,Финансово-экономический отдел,Менеджер по продажам,45434,4
537,В. Н. Здукова,Ж,1993,2008,Департамент международного сотрудничества,Экономист,45632,2
538,Р. Б. Тесмеева,Ж,1983,2015,Департамент международного сотрудничества,Начальник отдела,45928,2
539,А. М. Вехорев,М,1981,2013,Финансово-экономический отдел,Экономист,45450,4
540,М. М. Мачнева,Ж,2002,2017,Департамент управления закупками,Старший специалист,45573,7
541,Г. А. Балабанцев,М,1979,2011,Департамент международного сотрудничества,Начальник отдела,45312,2
542,Е. Н. Голяткина,Ж,1991,2006,Финансово-экономический отдел,Начальник отдела,45970,4
543,К. И. Иютина,Ж,1991,2006,Департамент международного сотрудничества,Специалист,45528,2
544,К. Э. Кононосова,Ж,1992,2007,Служба безопасности,Бугалтер,45971,5
545,А. О. Келарева,Ж,1976,2008,Департамент управления закупками,Старший специалист,45853,7
546,Н. В. Самотохина,Ж,1989,2021,Департамент международного сотрудничества,Специалист,45696,2
547,А. Е. Куяченков,М,2002,2017,Департамент управления закупками,Начальник отдела,45165,7
548,А. Н. Разиньков,М,2005,2020,Финансово-экономический отдел,Экономист,45338,4
549,М. Д. Поречин,М,2006,2021,Департамент управления закупками,Экономист,45373,7
550,А. Н. Дурандин,М,1984,2016,Служба безопасности,Начальник отдела,45011,5
551,О. Б. Брасалина,Ж,1973,2005,Режимно-секретный отдел,Старший специалист,45748,6
552,Б. К. Хурин,М,1984,2016,Департамент управления закупками,Экономист,45317,7
553,С. О. Бадогов,М,1978,2010,Служба управления персоналом,Специалист,45311,9
554,А. Н. Сауткина,Ж,1995,2010,Финансово-экономический отдел,Специалист,45906,4
555,Ю. К. Еврейнов,М,1994,2009,Департамент управления закупками,Экономист,45429,7
556,С. Р. Обьедкова,Ж,1990,2005,Департамент управления закупками,Старший специалист,45629,7
557,А. Ю. Радчинский,М,1995,2010,Бухгалтерия,Инженер,45022,8
558,О. А. Ямская,Ж,2002,2017,Департамент управления закупками,Экономист,45709,7
559,О. А. Кирдяшин,М,2006,2021,Служба безопасности,Специалист,45339,5
560,В. В. Шибылов,М,1995,2010,Департамент международного сотрудничества,Менеджер по продажам,45056,2
561,В. П. Чупрунов,М,1974,2006,Служба управления персоналом,Инженер,45239,9
562,М. С. Липчанский,М,1990,2005,Служба безопасности,Инженер,45323,5
563,Р. А. Мелковский,М,2000,2015,Служба безопасности,Инженер,45435,5
564,Ф. А. Бажинов,М,2002,2017,Производственно-технический комплекс,Старший специалист,45097,3
565,С. Э. Игуманова,Ж,1976,2008,Служба управления персоналом,Бугалтер,45887,9
566,З. Б. Хвалина,Ж,2002,2017,Производственно-технический комплекс,Специалист,45913,3
567,В. Д. Просандеев,М,2006,2021,Производственно-технический комплекс,Инженер,45169,3
568,Ж. А. Таранина,Ж,1999,2014,Департамент международного сотрудничества,Старший специалист,45944,2
569,В. С. Витагин,М,1998,2013,Производственно-технический комплекс,Менеджер по продажам,45161,3
570,Н. Н. Куварина,Ж,1974,2006,Департамент управления закупками,Начальник отдела,45613,7
571,А. Я. Косарьков,М,2000,2015,Департамент управления закупками,Начальник отдела,45333,7
572,А. М. Фадев,М,1991,2006,Бухгалтерия,Бугалтер,45222,8
573,А. Ю. Ванчугин,М,1988,2020,Департамент управления закупками,Начальник отдела,45389,7
574,Г. Э. Агушова,Ж,2002,2017,Производственно-технический комплекс,Начальник отдела,45641,3
575,С. Л. Колюкаева,Ж,1991,2006,Департамент международного сотрудничества,Старший специалист,45664,2
576,К. Ф. Монозов,М,2006,2021,Производственно-технический комплекс,Начальник отдела,45305,3
577,А. М. Муравскова,Ж,1986,2018,Департамент управления закупками,Специалист,45829,7
578,О. В. Хиясов,М,2003,2018,Бухгалтерия,Экономист,45030,8
579,Г. И. Гмыхов,М,1974,2006,Производственно-технический комплекс,Менеджер по продажам,45273,3
580,И. В. Пархачев,М,1981,2013,Департамент международного сотрудничества,Менеджер по продажам,45280,2
581,И. В. Борозин,М,2003,2018,Департамент международного сотрудничества,Менеджер по продажам,45336,2
582,Г. Б. Дунаевский,М,2005,2020,Департамент международного сотрудничества,Начальник отдела,45032,2
583,А. И. Даренин,М,1998,2013,Производственно-технический комплекс,Начальник отдела,45025,3
584,В. И. Заббаров,М,2005,2020,Финансово-экономический отдел,Бугалтер,45474,4
585,Т. М. Намаконова,Ж,2000,2015,Служба управления персоналом,Старший специалист,45503,9
586,В. И. Мененкова,Ж,2005,2020,Режимно-секретный отдел,Старший специалист,45916,6
587,А. В. Аталиков,М,1982,2014,Служба управления персоналом,Экономист,45247,9
588,И. О. Гнатов,М,1977,2009,Режимно-секретный отдел,Менеджер по продажам,45140,6
589,П. А. Тюрин,М,2006,2021,Служба управления персоналом,Бугалтер,45271,9
590,Н. О. Паволова,Ж,1988,2020,Служба управления персоналом,Бугалтер,45831,9
591,В. Д. Нахмурина,Ж,1989,2021,Режимно-секретный отдел,Начальник отдела,45900,6
592,П. А. Торисанова,Ж,1990,2005,Служба управления персоналом,Бугалтер,45663,9
593,Г. П. Мяпушкина,Ж,1984,2016,Производственно-технический комплекс,Экономист,45793,3
594,Н. Р. Тюфлина,Ж,1995,2010,Финансово-экономический отдел,Начальник отдела,45634,4
595,Р. Н. Иконникова,Ж,2002,2017,Служба безопасности,Менеджер по продажам,45539,5
596,Р. Е. Магулина,Ж,1976,2008,Департамент управления закупками,Менеджер по продажам,45581,7
597,Н. Л. Мешанина,Ж,2003,2018,Режимно-секретный отдел,Менеджер по продажам,45812,6
598,Э. М. Монтьев,М,1978,2010,Департамент управления закупками,Менеджер по продажам,45413,7
599,Л. М. Механтьева,Ж,1983,2015,Бухгалтерия,Бугалтер,45894,8
600,Я. А. Хитринский,М,1986,2018,Департамент управления закупками,Старший специалист,45013,7
601,Ж. Б. Марсюкова,Ж,1989,2021,Бухгалтерия,Начальник отдела,45662,8
602,Р. М. Затепякин,М,2005,2020,Департамент международного сотрудничества,Специалист,45304,2
603,Г. И. Шамазов,М,2002,2017,Служба безопасности,Бугалтер,45131,5
604,В. О. Михрюкова,Ж,1992,2007,Департамент управления закупками,Инженер,45869,7
605,Р. М. Фризин,М,1976,2008,Служба управления персоналом,Начальник отдела,45207,9
606,В. Л. Ролдухин,М,1977,2009,Бухгалтерия,Экономист,45310,8
607,Л. О. Шелуханов,М,1984,2016,Производственно-технический комплекс,Менеджер по продажам,45385,3
608,Г. С. Данелов,М,1997,2012,Финансово-экономический отдел,Начальник отдела,45466,4
609,З. Э. Никулькина,Ж,2000,2015,Производственно-технический комплекс,Начальник отдела,45809,3
610,Д. А. Будылкин,М,2004,2019,Служба управления персоналом,Бугалтер,45439,9
611,И. К. Джимбинова,Ж,1981,2013,Бухгалтерия,Менеджер по продажам,45518,8
612,М. С. Трикачев,М,1992,2007,Служба управления персоналом,Старший специалист,45223,9
613,В. И. Гаврина,Ж,1983,2015,Департамент международного сотрудничества,Бугалтер,45656,2
614,Я. Т. Копышенков,М,1991,2006,Бухгалтерия,Начальник отдела,45494,8
615,А. В. Ширалиева,Ж,1988,2020,Служба управления персоналом,Старший специалист,45559,9
616,Ж. В. Лотцева,Ж,1999,2014,Бухгалтерия,Бугалтер,45502,8
617,Р. Ю. Ватолин,М,1989,2021,Режимно-секретный отдел,Экономист,45492,6
618,А. Н. Гульгуин,М,1977,2009,Бухгалтерия,Бугалтер,45446,8
619,В. Д. Гарбулева,Ж,1973,2005,Финансово-экономический отдел,Начальник отдела,45578,4
620,Ж. Д. Жаббарова,Ж,1982,2014,Служба управления персоналом,Менеджер по продажам,45791,9
621,Ф. Ю. Ильицкий,М,1994,2009,Производственно-технический комплекс,Бугалтер,45089,3
622,М. В. Буфтышкина,Ж,1992,2007,Служба безопасности,Специалист,45563,5
623,Г. М. Бабанева,Ж,1981,2013,Бухгалтерия,Старший специалист,45790,8
624,Я. Н. Одначев,М,1985,2017,Бухгалтерия,Старший специалист,45454,8
625,Н. В. Кусанов,М,1983,2015,Бухгалтерия,Менеджер по продажам,45350,8
626,А. Г. Соломников,М,1973,2005,Бухгалтерия,Начальник отдела,45102,8
627,Г. А. Сускнин,М,1988,2020,Служба безопасности,Экономист,45219,5
628,Н. Д. Брагинов,М,1985,2017,Департамент международного сотрудничества,Специалист,45080,2
629,К. А. Швова,Ж,1974,2006,Производственно-технический комплекс,Старший специалист,45545,3
630,К. В. Камбулов,М,1988,2020,Департамент управления закупками,Бугалтер,45117,7
631,К. Н. Кленина,Ж,2005,2020,Режимно-секретный отдел,Начальник отдела,45508,6
632,В. В. Гремнов,М,1997,2012,Режимно-секретный отдел,Менеджер по продажам,45364,6
633,А. В. Аниковский,М,1988,2020,Служба безопасности,Старший специалист,45083,5
634,К. О. Рядченкова,Ж,2004,2019,Производственно-технический комплекс,Старший специалист,45881,3
635,С. А. Дечева,Ж,1997,2012,Бухгалтерия,Бугалтер,45670,8
636,Ж. К. Мингалова,Ж,1992,2007,Служба управления персоналом,Менеджер по продажам,45903,9
637,Н. М. Белаусова,Ж,2005,2020,Департамент международного сотрудничества,Начальник отдела,45984,2
638,П. Е. Кокеева,Ж,1981,2013,Департамент международного сотрудничества,Инженер,45960,2
639,К. Н. Дияшина,Ж,1986,2018,Производственно-технический комплекс,Бугалтер,45761,3
640,Е. М. Кунтикова,Ж,1995,2010,Бухгалтерия,Старший специалист,45566,8
641,О. И. Кукишкина,Ж,1991,2006,Режимно-секретный отдел,Менеджер по продажам,45868,6
642,А. Н. Гуфринская,Ж,1987,2019,Финансово-экономический отдел,Специалист,45626,4
643,А. Д. Чиндонова,Ж,1973,2005,Бухгалтерия,Экономист,45646,8
644,Г. Д. Феськов,М,1983,2015,Бухгалтерия,Специалист,45486,8
645,Г. А. Долмачев,М,1988,2020,Департамент управления закупками,Инженер,45253,7
646,Н. Н. Ряпушкина,Ж,1987,2019,Бухгалтерия,Инженер,45694,8
647,Е. Ф. Свислоцкая,Ж,1993,2008,Бухгалтерия,Экономист,45870,8
648,Е. О. Неклесова,Ж,1980,2012,Производственно-технический комплекс,Начальник отдела,45585,3
649,О. В. Бреловская,Ж,1993,2008,Режимно-секретный отдел,Старший специалист,45972,6
650,Е. Н. Сомушкина,Ж,1984,2016,Производственно-технический комплекс,Специалист,45521,3
651,В. Л. Иеканская,Ж,2000,2015,Департамент управления закупками,Специалист,45605,7
652,В. Я. Шуханов,М,1974,2006,Служба безопасности,Менеджер по продажам,45035,5
653,Т. Ф. Рогалев,М,2002,2017,Служба безопасности,Начальник отдела,45403,5
654,В. П. Борзин,М,2003,2018,Финансово-экономический отдел,Специалист,45234,4
655,Я. М. Диатроптов,М,1992,2007,Производственно-технический комплекс,Экономист,45121,3
656,Д. Р. Шатагин,М,1987,2019,Бухгалтерия,Менеджер по продажам,45014,8
657,А. В. Шуваева,Ж,1993,2008,Режимно-секретный отдел,Менеджер по продажам,45700,6
658,Л. Я. Везгина,Ж,1987,2019,Бухгалтерия,Менеджер по продажам,45966,8
659,Н. Т. Бакаренков,М,1975,2007,Бухгалтерия,Специалист,45206,8
660,А. А. Сомолкин,М,1991,2006,Бухгалтерия,Экономист,45086,8
661,К. Н. Доросева,Ж,1992,2007,Департамент управления закупками,Бугалтер,45733,7
662,С. Ю. Дощицин,М,1979,2011,Департамент международного сотрудничества,Инженер,45176,2
663,С. С. Завешегина,Ж,1991,2006,Бухгалтерия,Специалист,45766,8
664,А. Д. Бечевкин,М,1987,2019,Финансово-экономический отдел,Менеджер по продажам,45490,4
665,П. О. Чебурцов,М,1974,2006,Производственно-технический комплекс,Инженер,45001,3
666,А. В. Чувычин,М,1978,2010,Департамент управления закупками,Начальник отдела,45277,7
667,В. Я. Массалкина,Ж,1998,2013,Служба управления персоналом,Старший специалист,45671,9
668,А. Э. Никандрова,Ж,1999,2014,Департамент международного сотрудничества,Менеджер по продажам,45672,2
669,С. М. Фрейдкина,Ж,1978,2010,Служба безопасности,Менеджер по продажам,45651,5
670,О. Б. Межинская,Ж,1998,2013,Служба управления персоналом,Экономист,45807,9
671,В. Д. Кушелева,Ж,2005,2020,Финансово-экономический отдел,Инженер,45610,4
672,А. Н. Немых,Ж,1998,2013,Служба управления персоналом,Специалист,45535,9
673,Е. В. Ватузова,Ж,1974,2006,Служба управления персоналом,Специалист,45647,9
674,С. Р. Арасланов,М,1993,2008,Департамент международного сотрудничества,Старший специалист,45496,2
675,Е. В. Газеткина,Ж,1990,2005,Производственно-технический комплекс,Инженер,45561,3
676,А. И. Ротновский,М,2000,2015,Производственно-технический комплекс,Старший специалист,45265,3
677,Н. А. Околелов,М,1980,2012,Служба безопасности,Менеджер по продажам,45483,5
678,О. В. Шальков,М,1982,2014,Служба безопасности,Начальник отдела,45179,5
679,А. Н. Позякина,Ж,1998,2013,Служба безопасности,Начальник отдела,45739,5
680,Е. В. Иголкина,Ж,2003,2018,Департамент международного сотрудничества,Экономист,45744,2
681,К. Л. Катрикова,Ж,1983,2015,Режимно-секретный отдел,Экономист,45996,6
682,А. Д. Курдышев,М,1976,2008,Производственно-технический комплекс,Старший специалист,45377,3
683,А. В. Безунова,Ж,1988,2020,Производственно-технический комплекс,Инженер,45729,3
684,А. Б. Шендеров,М,1986,2018,Департамент управления закупками,Экономист,45149,7
685,И. Е. Струсов,М,1976,2008,Служба управления персоналом,Инженер,45071,9
686,М. В. Сморчкова,Ж,1999,2014,Финансово-экономический отдел,Бугалтер,45978,4
687,А. В. Лещев,М,1999,2014,Финансово-экономический отдел,Начальник отдела,45298,4
688,И. М. Дронков,М,1988,2020,Производственно-технический комплекс,Менеджер по продажам,45049,3
689,Г. Н. Левонтин,М,1988,2020,Служба управления персоналом,Начальник отдела,45151,9
690,А. Ю. Тугалев,М,1973,2005,Финансово-экономический отдел,Бугалтер,45306,4
691,В. М. Бамматова,Ж,1975,2007,Режимно-секретный отдел,Бугалтер,45852,6
692,Я. А. Кашинина,Ж,1997,2012,Бухгалтерия,Начальник отдела,45942,8
693,К. П. Куимова,Ж,1973,2005,Финансово-экономический отдел,Специалист,45850,4
694,И. П. Локотонова,Ж,1997,2012,Режимно-секретный отдел,Экономист,45772,6
695,В. К. Манакова,Ж,1975,2007,Бухгалтерия,Инженер,45750,8
696,Л. В. Тютяева,Ж,1974,2006,Служба безопасности,Инженер,45715,5
697,Е. Б. Лысцев,М,1981,2013,Режимно-секретный отдел,Бугалтер,45348,6
698,А. Н. Ижина,Ж,1984,2016,Служба безопасности,Бугалтер,45691,5
699,Е. Б. Клевалина,Ж,1973,2005,Департамент международного сотрудничества,Менеджер по продажам,45952,2
700,С. Н. Стороблева,Ж,1984,2016,Служба безопасности,Начальник отдела,45963,5
701,И. Д. Бектабеков,М,1974,2006,Департамент управления закупками,Бугалтер,45341,7
702,Е. Г. Брычков,М,1973,2005,Финансово-экономический отдел,Старший специалист,45034,4
703,К. А. Макальский,М,1998,2013,Служба управления персоналом,Начальник отдела,45263,9
704,И. Ю. Прощенский,М,2003,2018,Режимно-секретный отдел,Экономист,45268,6
705,С. А. Чепусов,М,1973,2005,Департамент международного сотрудничества,Менеджер по продажам,45000,2
706,О. А. Погаткова,Ж,1996,2011,Служба безопасности,Бугалтер,45635,5
707,В. И. Цатуров,М,1996,2011,Служба безопасности,Старший специалист,45363,5
708,Д. А. Солоденов,М,1998,2013,Департамент управления закупками,Бугалтер,45229,7
709,К. В. Корухов,М,1976,2008,Департамент управления закупками,Бугалтер,45173,7
710,Т. А. Индрисова,Ж,2005,2020,Бухгалтерия,Старший специалист,45678,8
711,Л. Б. Курдин,М,1994,2009,Производственно-технический комплекс,Начальник отдела,45361,3
712,Е. Д. Казюкина,Ж,1983,2015,Департамент международного сотрудничества,Экономист,45520,2
713,Р. Ф. Самихина,Ж,1981,2013,Департамент международного сотрудничества,Экономист,45688,2
714,С. С. Кретов,М,1998,2013,Служба безопасности,Специалист,45059,5
715,К. М. Нолнова,Ж,1999,2014,Департамент международного сотрудничества,Специалист,45808,2
716,С. Б. Зябрина,Ж,1976,2008,Служба управления персоналом,Экономист,45751,9
717,Т. С. Околухина,Ж,1989,2021,Режимно-секретный отдел,Инженер,45764,6
718,В. Л. Хайрулинов,М,1987,2019,Департамент международного сотрудничества,Инженер,45456,2
719,Е. А. Ривацкая,Ж,1994,2009,Производственно-технический комплекс,Экономист,45905,3
720,И. А. Левых,М,1996,2011,Производственно-технический комплекс,Менеджер по продажам,45329,3
721,М. В. Шаревская,Ж,2003,2018,Департамент международного сотрудничества,Старший специалист,45608,2
722,И. Н. Карпунин,М,1995,2010,Департамент международного сотрудничества,Старший специалист,45328,2
723,В. М. Варлагина,Ж,1988,2020,Служба управления персоналом,Инженер,45967,9
724,А. М. Ткаличева,Ж,1983,2015,Бухгалтерия,Экономист,45758,8
725,В. Н. Смуреева,Ж,1990,2005,Производственно-технический комплекс,Менеджер по продажам,45833,3
726,Л. А. Сбежнев,М,1989,2021,Финансово-экономический отдел,Начальник отдела,45186,4
727,К. А. Копырова,Ж,1982,2014,Департамент управления закупками,Начальник отдела,45893,7
728,П. Л. Никешичева,Ж,1983,2015,Финансово-экономический отдел,Инженер,45554,4
729,А. Э. Самочерных,Ж,1999,2014,Режимно-секретный отдел,Бугалтер,45740,6
730,М. В. Гравцев,М,1991,2006,Финансово-экономический отдел,Старший специалист,45426,4
731,Г. О. Подиткова,Ж,1994,2009,Служба управления персоналом,Начальник отдела,45599,9
732,В. С. Касенкова,Ж,2001,2016,Финансово-экономический отдел,Бугалтер,45810,4
733,Ф. Р. Фуфлев,М,1979,2011,Департамент международного сотрудничества,Менеджер по продажам,45448,2
734,В. П. Улыбаева,Ж,1979,2011,Финансово-экономический отдел,Бугалтер,45754,4
735,К. А. Борбулева,Ж,1985,2017,Режимно-секретный отдел,Экономист,45828,6
736,А. Ф. Чмаров,М,1977,2009,Департамент международного сотрудничества,Экономист,45072,2
737,К. Ф. Ванюшичева,Ж,1993,2008,Департамент международного сотрудничества,Бугалтер,45768,2
738,М. И. Кирнасова,Ж,1979,2011,Режимно-секретный отдел,Менеджер по продажам,45924,6
739,А. Е. Латышова,Ж,1978,2010,Служба безопасности,Старший специалист,45923,5
740,Н. Я. Бейдулаева,Ж,1996,2011,Служба безопасности,Инженер,45771,5
741,С. И. Суравова,Ж,1998,2013,Департамент управления закупками,Начальник отдела,45501,7
742,Е. И. Пипехина,Ж,1994,2009,Служба безопасности,Инженер,45939,5
743,Е. М. Алиева,Ж,1975,2007,Финансово-экономический отдел,Старший специалист,45818,4
744,К. Б. Пронюткина,Ж,1995,2010,Режимно-секретный отдел,Экономист,45940,6
745,Н. С. Незгирева,Ж,2000,2015,Служба безопасности,Менеджер по продажам,45707,5
746,С. В. Прохурцева,Ж,1974,2006,Служба управления персоналом,Старший специалист,45783,9
747,С. И. Агафианова,Ж,1975,2007,Бухгалтерия,Бугалтер,45614,8
748,А. Т. Сабиржанов,М,1993,2008,Департамент международного сотрудничества,Специалист,45360,2
749,В. Л. Ласова,Ж,1986,2018,Служба безопасности,Начальник отдела,45795,5
750,В. В. Надршина,Ж,1983,2015,Бухгалтерия,Старший специалист,45622,8
751,С. И. Рысцов,М,1981,2013,Режимно-секретный отдел,Инженер,45484,6
752,С. С. Порицкая,Ж,2003,2018,Режимно-секретный отдел,Инженер,45540,6
753,А. М. Тырновский,М,2000,2015,Служба безопасности,Старший специалист,45027,5
754,В. О. Коротушкин,М,2004,2019,Производственно-технический комплекс,Начальник отдела,45473,3
755,К. В. Ременцов,М,1987,2019,Режимно-секретный отдел,Специалист,45388,6
756,Ю. А. Пиканина,Ж,1987,2019,Режимно-секретный отдел,Старший специалист,45524,6
757,В. Р. Кашапов,М,2000,2015,Производственно-технический комплекс,Экономист,45401,3
758,С. А. Воробичева,Ж,1994,2009,Департамент управления закупками,Бугалтер,45565,7
759,О. Н. Бодялкина,Ж,1989,2021,Департамент международного сотрудничества,Старший специалист,45832,2
760,А. Ф. Сафиханов,М,1986,2018,Служба безопасности,Специалист,45115,5
761,А. Б. Сятькина,Ж,1991,2006,Финансово-экономический отдел,Бугалтер,45698,4
762,Л. Э. Ильяшова,Ж,1992,2007,Производственно-технический комплекс,Менеджер по продажам,45665,3
763,Я. А. Барабашкин,М,1995,2010,Бухгалтерия,Менеджер по продажам,45294,8
764,Т. Л. Бафетрова,Ж,1986,2018,Служба управления персоналом,Старший специалист,45727,9
765,О. Ф. Клеймушина,Ж,1984,2016,Служба безопасности,Инженер,45827,5
766,В. Д. Завадин,М,1991,2006,Департамент международного сотрудничества,Начальник отдела,45256,2
767,В. Я. Бурневский,М,1976,2008,Департамент управления закупками,Инженер,45309,7
768,В. Ф. Рабачкова,Ж,1985,2017,Финансово-экономический отдел,Старший специалист,45930,4
769,В. В. Капытин,М,1977,2009,Департамент международного сотрудничества,Бугалтер,45208,2
770,М. И. Мутускин,М,2001,2016,Режимно-секретный отдел,Менеджер по продажам,45028,6
771,В. В. Амин,М,1989,2021,Финансово-экономический отдел,Инженер,45050,4
772,Е. Н. Аньчкова,Ж,1986,2018,Служба безопасности,Менеджер по продажам,45931,5
773,М. Б. Неделина,Ж,1994,2009,Служба безопасности,Бугалтер,45803,5
774,Л. П. Пылакина,Ж,1976,2008,Производственно-технический комплекс,Экономист,45513,3
775,Г. А. Бекбаев,М,1979,2011,Финансово-экономический отдел,Специалист,45346,4
776,Л. В. Бычева,Ж,1986,2018,Служба управления персоналом,Бугалтер,45999,9
777,А. Б. Худобердин,М,1973,2005,Режимно-секретный отдел,Бугалтер,45068,6
778,Г. Б. Боярская,Ж,1988,2020,Служба управления персоналом,Экономист,45695,9
779,С. Б. Беланова,Ж,1990,2005,Служба безопасности,Специалист,45731,5
780,С. Н. Пшечкова,Ж,1981,2013,Режимно-секретный отдел,Специалист,45892,6
781,А. Б. Слоновская,Ж,2003,2018,Финансово-экономический отдел,Начальник отдела,45914,4
782,В. Ф. Седюкова,Ж,2005,2020,Бухгалтерия,Бугалтер,45950,8
783,К. В. Ивлянов,М,1976,2008,Департамент управления закупками,Начальник отдела,45445,7
784,А. М. Цыцарева,Ж,1983,2015,Режимно-секретный отдел,Старший специалист,45860,6
785,А. Е. Велигданов,М,1995,2010,Режимно-секретный отдел,Инженер,45260,6
786,А. Л. Беляевский,М,1998,2013,Производственно-технический комплекс,Специалист,45297,3
787,М. Л. Меркишин,М,1982,2014,Служба управления персоналом,Старший специалист,45111,9
788,В. Р. Рабиков,М,2001,2016,Департамент международного сотрудничества,Бугалтер,45096,2
789,В. В. Горюшев,М,1982,2014,Департамент управления закупками,Специалист,45213,7
790,К. Л. Рыболов,М,1983,2015,Финансово-экономический отдел,Специалист,45010,4
791,Р. В. Якулов,М,1978,2010,Производственно-технический комплекс,Экономист,45345,3
792,Н. И. Синегубова,Ж,1995,2010,Бухгалтерия,Бугалтер,45838,8
793,А. П. Мирасова,Ж,2000,2015,Служба безопасности,Специалист,45843,5
794,Л. И. Сельдешева,Ж,1987,2019,Бухгалтерия,Бугалтер,45558,8
795,Я. Б. Пакштяева,Ж,1977,2009,Режимно-секретный отдел,Экономист,45548,6
796,Р. Ю. Трушин,М,2002,2017,Служба безопасности,Инженер,45267,5
797,Н. Е. Марзинова,Ж,1980,2012,Служба безопасности,Специалист,45619,5
798,Я. Д. Столенков,М,1995,2010,Финансово-экономический отдел,Экономист,45226,4
799,М. А. Сяглова,Ж,1988,2020,Департамент управления закупками,Экономист,45933,7
800,П. Г. Баданов,М,1997,2012,Департамент международного сотрудничества,Бугалтер,45432,2
801,Н. И. Тренева,Ж,1997,2012,Режимно-секретный отдел,Бугалтер,45908,6
802,С. Т. Рянзин,М,1980,2012,Департамент управления закупками,Начальник отдела,45109,7
803,Р. А. Анисова,Ж,1990,2005,Производственно-технический комплекс,Начальник отдела,45697,3
804,В. Ф. Ноченкова,Ж,2000,2015,Служба безопасности,Начальник отдела,45571,5
805,В. С. Трусинкова,Ж,1983,2015,Департамент международного сотрудничества,Инженер,45792,2
806,К. И. Колабина,Ж,2004,2019,Департамент управления закупками,Начальник отдела,45949,7
807,Л. К. Тангаев,М,1985,2017,Финансово-экономический отдел,Бугалтер,45250,4
808,А. Ф. Забавкина,Ж,2006,2021,Служба управления персоналом,Старший специалист,45951,9
809,Д. Ю. Арцыбашев,М,1994,2009,Служба управления персоналом,Экономист,45191,9
810,В. С. Летняков,М,1992,2007,Департамент управления закупками,Старший специалист,45461,7
811,А. Б. Ивентьева,Ж,1995,2010,Финансово-экономический отдел,Менеджер по продажам,45770,4
812,А. Б. Луцков,М,1996,2011,Служба безопасности,Менеджер по продажам,45091,5
813,С. Н. Певцаев,М,1997,2012,Департамент международного сотрудничества,Старший специалист,45160,2
814,Н. К. Бутюнина,Ж,1997,2012,Бухгалтерия,Экономист,45534,8
815,А. Е. Горожанов,М,2005,2020,Финансово-экономический отдел,Старший специалист,45202,4
816,В. В. Куртепов,М,1984,2016,Производственно-технический комплекс,Инженер,45113,3
817,А. Д. Папчихина,Ж,1977,2009,Бухгалтерия,Менеджер по продажам,45854,8
818,А. Э. Бурабина,Ж,1976,2008,Служба безопасности,Менеджер по продажам,45819,5
819,А. К. Колбенова,Ж,1992,2007,Производственно-технический комплекс,Начальник отдела,45529,3
820,К. Ф. Хоровинина,Ж,1983,2015,Режимно-секретный отдел,Менеджер по продажам,45588,6
821,Е. А. Егашева,Ж,1979,2011,Департамент международного сотрудничества,Специалист,45584,2
822,В. В. Звадинская,Ж,1991,2006,Финансово-экономический отдел,Инженер,45834,4
823,Я. В. Полинский,М,1980,2012,Служба управления персоналом,Специалист,45143,9
824,К. М. Манехина,Ж,1996,2011,Служба управления персоналом,Менеджер по продажам,45567,9
825,Е. Г. Теохаров,М,1973,2005,Бухгалтерия,Специалист,45374,8
826,А. О. Лалуев,М,1985,2017,Бухгалтерия,Менеджер по продажам,45182,8
827,П. П. Дых,М,2006,2021,Служба безопасности,Менеджер по продажам,45203,5
828,Н. С. Гонорецкий,М,1990,2005,Служба управления персоналом,Старший специалист,45391,9
829,В. И. Квасинкова,Ж,1981,2013,Департамент международного сотрудничества,Бугалтер,45824,2
830,Ф. В. Дэгоев,М,1985,2017,Бухгалтерия,Специалист,45318,8
831,Е. Е. Болихова,Ж,2006,2021,Департамент управления закупками,Начальник отдела,45781,7
832,П. Ю. Тонюшкин,М,1997,2012,Финансово-экономический отдел,Бугалтер,45194,4
833,С. Э. Калейкина,Ж,1996,2011,Служба управления персоналом,Экономист,45975,9
834,А. А. Даровский,М,2001,2016,Режимно-секретный отдел,Старший специалист,45300,6
835,Е. Н. Арсамикова,Ж,1994,2009,Департамент управления закупками,Менеджер по продажам,45973,7
836,Ю. В. Шешина,Ж,1979,2011,Финансово-экономический отдел,Инженер,45890,4
837,И. А. Билин,М,1993,2008,Финансово-экономический отдел,Специалист,45122,4
838,В. К. Иммореев,М,2002,2017,Служба управления персоналом,Менеджер по продажам,45063,9
839,А. И. Лакутин,М,1980,2012,Служба безопасности,Начальник отдела,45347,5
840,В. Е. Картусов,М,1999,2014,Режимно-секретный отдел,Менеджер по продажам,45196,6
841,К. М. Листров,М,2006,2021,Производственно-технический комплекс,Менеджер по продажам,45441,3
842,В. О. Фардзинов,М,1980,2012,Департамент управления закупками,Менеджер по продажам,45245,7
843,Л. Р. Хучраева,Ж,1982,2014,Производственно-технический комплекс,Экономист,45961,3
844,К. Л. Веденьева,Ж,2000,2015,Производственно-технический комплекс,Менеджер по продажам,45945,3
845,В. А. Стебнев,М,1991,2006,Бухгалтерия,Инженер,45358,8
846,Г. Ф. Замковская,Ж,1989,2021,Финансово-экономический отдел,Бугалтер,45866,4
847,П. Э. Шелюгова,Ж,1982,2014,Департамент управления закупками,Инженер,45757,7
848,Е. А. Ингатова,Ж,2002,2017,Служба безопасности,Старший специалист,45811,5
849,М. Ю. Шеремецкий,М,1987,2019,Департамент международного сотрудничества,Экономист,45184,2
850,В. П. Геройский,М,1986,2018,Служба управления персоналом,Начальник отдела,45319,9
851,М. В. Журикова,Ж,1996,2011,Служба управления персоналом,Специалист,45703,9
852,В. В. Гжельская,Ж,1984,2016,Департамент управления закупками,Инженер,45589,7
853,Д. Д. Гумбин,М,1984,2016,Департамент управления закупками,Бугалтер,45453,7
854,С. А. Коняхин,М,2003,2018,Бухгалтерия,Начальник отдела,45438,8
855,О. М. Тенышева,Ж,2004,2019,Служба управления персоналом,Инженер,45575,9
856,В. Р. Булокова,Ж,1997,2012,Департамент международного сотрудничества,Начальник отдела,45704,2
857,К. В. Абиева,Ж,2004,2019,Департамент управления закупками,Бугалтер,45677,7
858,М. С. Клепалин,М,2003,2018,Департамент международного сотрудничества,Начальник отдела,45200,2
859,Р. Я. Хартов,М,2001,2016,Финансово-экономический отдел,Начальник отдела,45130,4
860,Е. А. Алтынцева,Ж,2002,2017,Служба управления персоналом,Бугалтер,45607,9
861,А. А. Самбикин,М,1990,2005,Служба безопасности,Экономист,45051,5
862,Л. В. Рыкованов,М,1991,2006,Режимно-секретный отдел,Бугалтер,45460,6
863,Д. Л. Кармашев,М,1973,2005,Режимно-секретный отдел,Инженер,45204,6
864,Е. Д. Волкин,М,1976,2008,Производственно-технический комплекс,Менеджер по продажам,45105,3
865,А. В. Харавина,Ж,2001,2016,Режимно-секретный отдел,Бугалтер,45572,6
866,М. Б. Кошкаров,М,1989,2021,Режимно-секретный отдел,Менеджер по продажам,45084,6
867,С. Ю. Латифов,М,1997,2012,Департамент международного сотрудничества,Специалист,45024,2
868,М. В. Анчуков,М,1997,2012,Финансово-экономический отдел,Инженер,45330,4
869,В. А. Байцеров,М,1986,2018,Производственно-технический комплекс,Менеджер по продажам,45217,3
870,А. В. Кызьюрова,Ж,1977,2009,Бухгалтерия,Специалист,45990,8
871,В. Б. Верскаина,Ж,1988,2020,Служба безопасности,Начальник отдела,45627,5
872,В. С. Овцов,М,1996,2011,Служба управления персоналом,Инженер,45295,9
873,Г. Г. Мышлявцев,М,1980,2012,Производственно-технический комплекс,Бугалтер,45313,3
874,А. В. Фроянова,Ж,1986,2018,Департамент управления закупками,Начальник отдела,45557,7
875,В. П. Багузова,Ж,1984,2016,Производственно-технический комплекс,Старший специалист,45657,3
876,Т. Л. Чекуляев,М,1995,2010,Режимно-секретный отдел,Начальник отдела,45396,6
877,К. К. Гаврушова,Ж,2006,2021,Служба безопасности,Экономист,45611,5
878,Л. В. Баюрова,Ж,1980,2012,Производственно-технический комплекс,Специалист,45857,3
879,Ю. Ф. Прушина,Ж,1992,2007,Служба безопасности,Старший специалист,45699,5
880,В. Е. Акаев,М,1993,2008,Режимно-секретный отдел,Инженер,45428,6
881,Г. А. Хубларов,М,1998,2013,Служба безопасности,Старший специалист,45195,5
882,Е. И. Лакисов,М,1977,2009,Бухгалтерия,Специалист,45038,8
883,В. Е. Агумарина,Ж,1984,2016,Служба управления персоналом,Менеджер по продажам,45623,9
884,К. В. Кошечкова,Ж,1981,2013,Финансово-экономический отдел,Начальник отдела,45858,4
885,В. А. Теровкина,Ж,2001,2016,Финансово-экономический отдел,Экономист,45674,4
886,В. В. Кынев,М,1990,2005,Служба управления персоналом,Менеджер по продажам,45119,9
887,К. В. Роевская,Ж,1980,2012,Служба управления персоналом,Менеджер по продажам,45959,9
888,В. М. Лимаров,М,1991,2006,Финансово-экономический отдел,Начальник отдела,45018,4
889,В. В. Люстих,М,1996,2011,Производственно-технический комплекс,Специалист,45465,3
890,С. Н. Читалкина,Ж,1999,2014,Финансово-экономический отдел,Специалист,45570,4
891,В. К. Баликоева,Ж,1973,2005,Департамент международного сотрудничества,Инженер,45680,2
892,Д. И. Карлюков,М,1991,2006,Режимно-секретный отдел,Специалист,45052,6
893,Л. Д. Лауренова,Ж,1980,2012,Служба управления персоналом,Бугалтер,45551,9
894,Л. Д. Кныриков,М,1976,2008,Департамент управления закупками,Экономист,45037,7
895,Э. В. Цирклин,М,1995,2010,Департамент международного сотрудничества,Специалист,45192,2
896,М. П. Алеенкова,Ж,1974,2006,Департамент управления закупками,Специалист,45885,7
897,И. П. Кадилина,Ж,1979,2011,Бухгалтерия,Менеджер по продажам,45686,8
898,Е. И. Радченков,М,1981,2013,Бухгалтерия,Инженер,45246,8
899,М. Б. Вллегов,М,1974,2006,Производственно-технический комплекс,Специалист,45409,3
900,Р. А. Коровайцев,М,2006,2021,Служба управления персоналом,Экономист,45135,9
901,В. К. Носаков,М,2000,2015,Производственно-технический комплекс,Специалист,45129,3
902,А. С. Пирожкин,М,1973,2005,Режимно-секретный отдел,Начальник отдела,45340,6
903,О. В. Аветаев,М,1974,2006,Производственно-технический комплекс,Начальник отдела,45137,3
904,А. Я. Гелетин,М,2004,2019,Служба управления персоналом,Старший специалист,45167,9
905,Н. Ю. Здовбицкий,М,1980,2012,Производственно-технический комплекс,Старший специалист,45041,3
906,В. М. Атопкина,Ж,1977,2009,Режимно-секретный отдел,Бугалтер,45684,6
907,А. Д. Басюкова,Ж,1992,2007,Производственно-технический комплекс,Специалист,45801,3
908,К. Д. Болованова,Ж,1979,2011,Департамент международного сотрудничества,Бугалтер,45992,2
909,И. К. Бабонина,Ж,1979,2011,Финансово-экономический отдел,Экономист,45618,4
910,Н. П. Бучукина,Ж,1996,2011,Производственно-технический комплекс,Бугалтер,45873,3
911,И. Л. Золотова,Ж,2000,2015,Производственно-технический комплекс,Бугалтер,45537,3
912,В. Ф. Бязров,М,1980,2012,Служба управления персоналом,Менеджер по продажам,45007,9
913,З. В. Пачанова,Ж,1991,2006,Режимно-секретный отдел,Начальник отдела,45732,6
914,В. Е. Затрова,Ж,1992,2007,Производственно-технический комплекс,Старший специалист,45937,3
915,Г. П. Семеничев,М,2005,2020,Режимно-секретный отдел,Экономист,45100,6
916,П. А. Бобиков,М,2000,2015,Служба безопасности,Экономист,45163,5
917,Е. А. Аладжалова,Ж,2006,2021,Производственно-технический комплекс,Бугалтер,45985,3
918,С. В. Лобзякова,Ж,1999,2014,Департамент международного сотрудничества,Начальник отдела,45536,2
919,Ю. Н. Дижурнова,Ж,1994,2009,Служба управления персоналом,Специалист,45871,9
920,Н. М. Филиппова,Ж,1974,2006,Департамент управления закупками,Менеджер по продажам,45749,7
921,С. П. Плевинский,М,1973,2005,Финансово-экономический отдел,Инженер,45442,4
922,О. В. Жбонкова,Ж,1989,2021,Режимно-секретный отдел,Бугалтер,45628,6
923,Л. В. Каренина,Ж,1984,2016,Служба управления персоналом,Специалист,45759,9
924,М. К. Гугневых,М,1999,2014,Департамент международного сотрудничества,Инженер,45400,2
925,А. А. Шубаков,М,1994,2009,Служба управления персоналом,Старший специалист,45055,9
926,Л. Д. Кесова,Ж,1976,2008,Служба безопасности,Начальник отдела,45683,5
927,В. Н. Богарова,Ж,1995,2010,Департамент международного сотрудничества,Бугалтер,45600,2
928,Ю. В. Иванютин,М,1992,2007,Служба управления персоналом,Экономист,45359,9
929,О. А. Кухорукова,Ж,1990,2005,Служба безопасности,Менеджер по продажам,45595,5
930,И. М. Жерлова,Ж,1979,2011,Бухгалтерия,Начальник отдела,45550,8
931,Я. Е. Кралечкин,М,1999,2014,Бухгалтерия,Специалист,45094,8
932,В. Я. Витохина,Ж,2005,2020,Департамент международного сотрудничества,Бугалтер,45712,2
933,Т. П. Дензин,М,1977,2009,Финансово-экономический отдел,Начальник отдела,45242,4
934,К. А. Тупицин,М,2003,2018,Режимно-секретный отдел,Старший специалист,45132,6
935,М. О. Шкинцова,Ж,2002,2017,Служба управления персоналом,Инженер,45743,9
936,Д. Р. Цыбаров,М,2006,2021,Служба управления персоналом,Инженер,45407,9
937,С. С. Маркоткина,Ж,1980,2012,Служба безопасности,Старший специалист,45755,5
938,Л. Д. Миркеев,М,1990,2005,Производственно-технический комплекс,Бугалтер,45425,3
939,С. В. Шекалина,Ж,1980,2012,Служба управления персоналом,Начальник отдела,45823,9
940,А. Э. Дюдичева,Ж,2000,2015,Служба безопасности,Старший специалист,45979,5
941,В. П. Мискинова,Ж,1985,2017,Бухгалтерия,Начальник отдела,45998,8
942,Е. К. Кученова,Ж,1997,2012,Режимно-секретный отдел,Старший специалист,45636,6
943,М. А. Керженцева,Ж,1995,2010,Департамент международного сотрудничества,Начальник отдела,45872,2
944,М. М. Хажинская,Ж,2001,2016,Финансово-экономический отдел,Старший специалист,45538,4
945,В. П. Захарейкин,М,1984,2016,Служба управления персоналом,Инженер,45351,9
946,А. В. Лопатина,Ж,1980,2012,Департамент управления закупками,Бугалтер,45789,7
947,В. Е. Колаврих,Ж,1988,2020,Департамент управления закупками,Старший специалист,45797,7
948,С. А. Чепайкин,М,2003,2018,Финансово-экономический отдел,Менеджер по продажам,45098,4
949,К. А. Филиможина,Ж,1982,2014,Служба управления персоналом,Специалист,45927,9
950,Г. Ю. Колосков,М,1978,2010,Производственно-технический комплекс,Специалист,45073,3
951,В. Е. Бархоткин,М,2004,2019,Служба безопасности,Менеджер по продажам,45371,5
952,П. Б. Гузнева,Ж,2006,2021,Производственно-технический комплекс,Специалист,45577,3
953,Н. В. Паршаков,М,2004,2019,Производственно-технический комплекс,Инженер,45337,3
954,А. Л. Акукин,М,1986,2018,Производственно-технический комплекс,Старший специалист,45489,3
955,Е. А. Толстошева,Ж,1985,2017,Бухгалтерия,Инженер,45862,8
956,К. Р. Почникова,Ж,2003,2018,Режимно-секретный отдел,Специалист,45948,6
957,Н. В. Валпова,Ж,2005,2020,Бухгалтерия,Экономист,45814,8
958,С. Т. Батев,М,1975,2007,Бухгалтерия,Старший специалист,45342,8
959,М. М. Демуков,М,2001,2016,Режимно-секретный отдел,Экономист,45436,6
960,М. В. Хуракин,М,1990,2005,Департамент управления закупками,Инженер,45085,7
961,Н. Р. Манчевская,Ж,1994,2009,Служба управления персоналом,Менеджер по продажам,45735,9
962,В. Н. Андаров,М,1978,2010,Служба безопасности,Инженер,45379,5
963,Н. В. Танакбаев,М,1979,2011,Финансово-экономический отдел,Начальник отдела,45074,4
964,Н. С. Кувелина,Ж,1979,2011,Режимно-секретный отдел,Инженер,45652,6
965,Р. П. Саратовцев,М,1988,2020,Служба безопасности,Бугалтер,45355,5
966,Н. А. Капнинский,М,1982,2014,Производственно-технический комплекс,Начальник отдела,45417,3
967,В. И. Юханаев,М,1976,2008,Служба управления персоналом,Специалист,45479,9
968,М. А. Гижицкий,М,2003,2018,Финансово-экономический отдел,Старший специалист,45370,4
969,Я. Н. Колунов,М,1977,2009,Финансово-экономический отдел,Менеджер по продажам,45378,4
970,Н. М. Егорихина,Ж,1998,2013,Служба безопасности,Инженер,45603,5
971,А. И. Троцкий,М,2000,2015,Служба безопасности,Бугалтер,45299,5
972,П. П. Ширева,Ж,1997,2012,Департамент международного сотрудничества,Менеджер по продажам,45840,2
973,В. Г. Каримуллин,М,1975,2007,Финансово-экономический отдел,Бугалтер,45138,4
974,Е. К. Жукатаева,Ж,1978,2010,Служба безопасности,Специалист,45787,5
975,Я. В. Гашимов,М,1974,2006,Служба управления персоналом,Начальник отдела,45375,9
976,С. Р. Галабаева,Ж,2000,2015,Производственно-технический комплекс,Инженер,45673,3
977,И. Я. Мастихин,М,1997,2012,Бухгалтерия,Менеджер по продажам,45126,8
978,Ф. В. Юричев,М,2003,2018,Режимно-секретный отдел,Бугалтер,45404,6
979,А. М. Кузелина,Ж,1980,2012,Департамент управления закупками,Экономист,45653,7
980,В. Б. Киньянчина,Ж,1973,2005,Бухгалтерия,Инженер,45918,8
981,С. А. Никутов,М,1987,2019,Финансово-экономический отдел,Бугалтер,45082,4
982,Е. О. Болталина,Ж,1975,2007,Департамент международного сотрудничества,Специалист,45920,2
983,В. Р. Чугнин,М,1976,2008,Служба безопасности,Специалист,45003,5
984,К. Д. Янишевский,М,2004,2019,Служба управления персоналом,Специалист,45031,9
985,И. С. Запина,Ж,1989,2021,Финансово-экономический отдел,Старший специалист,45594,4
986,Г. Н. Чендарева,Ж,1994,2009,Департамент управления закупками,Начальник отдела,45837,7
987,В. А. Тюльнаков,М,1992,2007,Служба управления персоналом,Бугалтер,45495,9
988,И. Д. Темский,М,2004,2019,Департамент управления закупками,Старший специалист,45405,7
989,К. А. Мишулкова,Ж,1976,2008,Департамент управления закупками,Специалист,45717,7
990,К. В. Таняева,Ж,2003,2018,Бухгалтерия,Экономист,45982,8
991,И. О. Ваколова,Ж,2001,2016,Департамент международного сотрудничества,Старший специалист,45776,2
992,А. Ю. Голунский,М,1989,2021,Финансово-экономический отдел,Специалист,45458,4
993,В. В. Расчетина,Ж,2005,2020,Финансово-экономический отдел,Менеджер по продажам,45882,4
994,Т. Р. Корнюшина,Ж,1984,2016,Департамент управления закупками,Менеджер по продажам,45861,7
995,Д. А. Заворотнов,М,1988,2020,Служба управления персоналом,Специалист,45423,9
996,Я. В. Евгенев,М,1976,2008,Служба безопасности,Бугалтер,45411,5
997,Б. П. Бумняков,М,1992,2007,Служба безопасности,Бугалтер,45019,5
998,О. И. Аиненкова,Ж,2006,2021,Служба управления персоналом,Менеджер по продажам,45679,9
999,А. А. Лисяков,М,1983,2015,Режимно-секретный отдел,Экономист,45044,6
1000,А. В. Шувырин,М,1993,2008,Департамент международного сотрудничества,Менеджер по продажам,45224,2
